soru_metni,sik_a,sik_b,sik_c,sik_d,sik_e,dogru_cevap,zorluk,konular,ders_ad,aciklama,image_url,cozum_videosu_url
Bu testte 40 soru vardır.,,,,,,,,TYT Matematik,Matematik,,,
"Cevaplarınızı, cevap kâğıdının Türkçe Testi için ayrılan kısmına işaretleyiniz.",,,,,,,,TYT Matematik,Matematik,,,
Bu testte 40 soru vardır.,,,,,,,,TYT Matematik,Matematik,,,
Deyimlerin bir kısmı gözle ilgilidir. Örneğin gözü ısırmak deyimiyle o kişiyi daha önce görmüş,,,,,,,,TYT Matematik,Matematik,,,
"Cevaplarınızı, cevap kâğıdının Türkçe Testi için ayrılan kısmına işaretleyiniz.",,,,,,,,TYT Matematik,Matematik,,,
"I. İster ebeveyn isterse eğitimci olsun çoğu yetişkin,",,,,,,,,TYT Matematik,Matematik,,,
"Günümüzde yeni bir pencere açmak, eskinin boşluğuna dokunmakla mümkündür. Aşağıdakilerden hangisi bu cümleyle anlamca aynı doğrultudadır? var olur. keşfedilerek ortaya çıkar. kalıcı bir mirastır. uğratır. özümsemekle gerçekleşir. 2 Diğer sayfaya geçiniz. 2024-TYT/TÜR","Yeni fikirler, gelenekle kurulan sürekliliği kopararak var olur.","Özgün düşünceler, geçmişte önemsenmeyenler keşfedilerek ortaya çıkar.","Eskinin bıraktığı değerler, taşımakla yükümlü olunan kalıcı bir mirastır.","Çağdaş bakış açısı, zihindeki geleneksel kodları yıkıma uğratır.","Kendine yeni bir alan açmak, mevcut düşünceleri özümsemekle gerçekleşir. 2 Diğer sayfaya geçiniz. 2024-TYT/TÜR",,,TYT Matematik,Matematik,,,
Bu caddenin taşlarının üzerinden yüzyıllar boyunca,,,,,,,,TYT Matematik,Matematik,,,
"(I) Yaz mevsiminin ilk günlerini ormanlarla, dağlarla ve denizle karşılamak için çevirdim rotamı Sinop’a. (II) Şehir merkezine gider gitmez, methini önceden duyduğum",,,,,,,,TYT Matematik,Matematik,,,
Birleşme sırasında kelimelerden her ikisi veya ikincisi,,,,,,,,TYT Matematik,Matematik,,,
"Bir şeyi denemenin risk olduğunu düşünmek büyük bir yanılgıdır. Hâlbuki denememek, risk almaktır. Çünkü Pascal’ın dediği gibi çabalarınız sonucunda “Kazanırsanız her şeyi kazanacak, kaybederseniz de",,,,,,,,TYT Matematik,Matematik,,,
"Her dönemin temelde iki tür davranışı vardır ( ) Bir hiçbir şey kaybetmeyeceksinizdir.”. Başka bir deyişle taraftan tanık olduğunu “saklamak” ( ) diğer taraftan deneyerek her durumda kazanacaksınız. Zaten ise geleceğe “aktarmak” ister ( ) İşte bunlar ( ) hangi cebinizde olmayan bir bilgi, bir duygu veya bir şansın en şartlar altında ( ) hangi duygularla yazılmış olursa olsun fazla nasıl olmayacağını görmüş olacaksınız. Edison’un üretilen edebî eserlerin muhatap aldığı iki eşik olarak her başarısız deney sonrasında dediği gibi “Nasıl beliriyor. yapacağınızı bulamamış ama nasıl yapamayacağınızı Bu parçada boş bırakılan yerlere sırasıyla aşağıdaki görmüş olacaksınız.”. noktalama işaretlerinden hangileri getirilmelidir? Bu parçada Edison’dan söz edilmesinin nedeni bulunduğunu göstermek güçlendirmek ikna etmek 4 Diğer sayfaya geçiniz. 2024-TYT/TÜR","(.) (,) (...) (;) (,) aşağıdakilerden hangisidir? A) Aktarılan düşünceleri, farklı bir bakış açısı sunarak","(:) (;) (.) (,) (;) kabul ettirmek","(:) (,) (.) (;) (,) B) Ortaya konan düşünceyle çelişen durumların da bulunduğunu göstermek","(.) (;) (...) (;) (,) C)Tartışmacı bir içerik oluşturup okurların metne olan","(:) (,) (.) (,) (;) ilgisini canlı tutmak D)Anlatılanlara somut bir örnek vererek anlatımı güçlendirmek E) Farklı düşünceleri karşılaştırarak okurları anlatılanlara ikna etmek 4 Diğer sayfaya geçiniz. 2024-TYT/TÜR",,,TYT Matematik,Matematik,,,
(I) Gaziantep’in tarihini anlayabilmek için gezilecek,,,,,,,,TYT Matematik,Matematik,,,
"(I) Modern tıbbın temelinde yer alan Hipokrat yemini, tıp biliminin etik prensiplerini yansıtır. (II) Hipokrat’ın belirler. benimsediği ilkelerden biri bugün de geçerliğini korur: İnsanların, akılcı açıklamaları olan “doğal” nedenler yüzünden hastalandığı. (III) Hâlbuki Hipokrat ve takipçilerinden önce Yunanistan’da ve ona komşu ülkelerde hastalıkların doğaüstü bir boyutu olduğu varsayılıyordu. (IV) Tanrılara karşı gelindiği veya doğaüstü güçleri olan biri tarafından büyü yapıldığı için hastalıkların ortaya çıktığı düşünülüyordu. (V) Hastalıklara doğaüstü güçler yol açabiliyorsa tedavi yöntemlerini de rahiplere veya büyücülere bırakmanın en iyi çözüm olacağı düşüncesine sahiplerdi. Bu parçada numaralanmış cümlelerden hangisi düşüncenin akışını bozmaktadır? 5 Diğer sayfaya geçiniz. 2024-TYT/TÜR",I,II,III,IV,"Edebiyatla uğraşmak kalabalıklara karşı takınılan tavrı tıp biliminin etik prensiplerini yansıtır. (II) Hipokrat’ın belirler. benimsediği ilkelerden biri bugün de geçerliğini korur: İnsanların, akılcı açıklamaları olan “doğal” nedenler yüzünden hastalandığı. (III) Hâlbuki Hipokrat ve takipçilerinden önce Yunanistan’da ve ona komşu ülkelerde hastalıkların doğaüstü bir boyutu olduğu varsayılıyordu. (IV) Tanrılara karşı gelindiği veya doğaüstü güçleri olan biri tarafından büyü yapıldığı için hastalıkların ortaya çıktığı düşünülüyordu. (V) Hastalıklara doğaüstü güçler yol açabiliyorsa tedavi yöntemlerini de rahiplere veya büyücülere bırakmanın en iyi çözüm olacağı düşüncesine sahiplerdi. Bu parçada numaralanmış cümlelerden hangisi düşüncenin akışını bozmaktadır? A) I B) II C)III D)IV E) V 5 Diğer sayfaya geçiniz. 2024-TYT/TÜR",,,TYT Matematik,Matematik,,,
Yaklaşık yedi milyon nüfusa sahip Hong Kong’da,,,,,,,,TYT Matematik,Matematik,,,
"Modern fiziğe göre atom altı düzeyde madde; belirli yerlerde kesin bir biçimde var olmaz, “var olma eğilimi”",,,,,,,,TYT Matematik,Matematik,,,
Biz fark etsek de etmesek de yapay zekâ artık,,,,,,,,TYT Matematik,Matematik,,,
"Gerilimi psikolojik ögelerle kuran yönetmenin filmlerindeki ana temalar suç ve korkudur. Gerilim unsurlarını filmin karakterleri üzerinden inşa ederek olay örgüsünün onların etrafında gelişmesini sağlar. Seyircinin, filmi uzaktan izlemesine müsaade etmeyerek onu filmin içine davet eder. Böylece başına gelecekleri bilmeyen karakterlerin yanında seyircinin yer almasını ve olay örgüsünün girdabına kapılmasını sağlar. Bu parçadan yönetmenin filmleriyle ilgili aşağıdakilerin hangisine ulaşılabilir? artırır. tutar. 7 Diğer sayfaya geçiniz. 2024-TYT/TÜR",Seyircinin karakterlerle özdeşim kurmasını amaçlar.,Karakterleri psikolojik çözümlemelerle birlikte sunar.,Gerilim unsurlarını çeşitlendirerek seyirci kitlesini artırır.,Kurgusunu karakterlerin yaşadığı çatışmalardan alır.,Konusunun karmaşıklığı ile seyircide heyecanı canlı tutar. 7 Diğer sayfaya geçiniz. 2024-TYT/TÜR,,,TYT Matematik,Matematik,,,
İzmir dokuma imalatı; XVI ve XVII. yüzyıllarda pamuk,,,,,,,,TYT Matematik,Matematik,,,
Terimler dışında her sözcüğün bir anlam evreni vardır.,,,,,,,,TYT Matematik,Matematik,,,
"Dondurma, XIX. yüzyıldan bu yana keyifle tükettiğimiz yiyeceklerdendir. 1800’lerin başında Anadolu’da süt anlamlandırmaya uygun değildir. ve meyvenin karıştırılmasıyla yapılan dondurma, yüzyılın ortalarına doğru bir sokak lezzetine dönüşür. Osmanlı İstanbul’unda ilk olarak seyyar satıcılarla karşımıza çıkan kullanıldıkça yeni çağrışımlar kazanır. dondurmanın bu şekilde satılması XX. yüzyılın ilk çeyreğine kadar sürer. 1930’lara gelindiğinde ise muhallebicilerde ve pastanelerde satılmaya başlar. sözlüklerde bulunması mümkün değildir. Sonraları ise sanayileşmenin etkisiyle dondurma yapımında elektrikli aletler kullanılır. Böylelikle dondurma, türlü değişimlere ayak uydurarak Türk mutfağındaki değerini korur. Bu parçada dondurmayla ilgili aşağıdakilerin",,,"Bilimsel kavramlar, anlam genişlemesi ve yeniden yiyeceklerdendir. 1800’lerin başında Anadolu’da süt anlamlandırmaya uygun değildir. ve meyvenin karıştırılmasıyla yapılan dondurma, yüzyılın ortalarına doğru bir sokak lezzetine dönüşür. Osmanlı","Kimi sözcükler, sözlük anlamlarının dışında İstanbul’unda ilk olarak seyyar satıcılarla karşımıza çıkan kullanıldıkça yeni çağrışımlar kazanır. dondurmanın bu şekilde satılması XX. yüzyılın ilk çeyreğine kadar sürer. 1930’lara gelindiğinde ise","Sözcüklere yüklenen bazı kişisel anlamların, muhallebicilerde ve pastanelerde satılmaya başlar. sözlüklerde bulunması mümkün değildir. Sonraları ise sanayileşmenin etkisiyle dondurma yapımında elektrikli aletler kullanılır. Böylelikle dondurma, türlü değişimlere ayak uydurarak Türk mutfağındaki değerini korur. Bu parçada dondurmayla ilgili aşağıdakilerin",,,TYT Matematik,Matematik,,,
"İnsanlar her adımını bir seçeneğe bağlar: başarı ya da hangisine değinilmemiştir? başarısızlık, zafer ya da bozgun. Bense bu seçeneklere hep mesafeli durmuşumdur. Çünkü başarmak ya da başarısızlığa uğramanın ancak durumsal, geçici anlamlar taşıdığına inanırım. Bu yüzden bana sürekli bir yarış pistinde olduğumu hissettiren ve her ne olursa olsun üretme ve hayata devam etme gücümü azaltan bu düşünme biçimini reddeder, akışına göre yaşamaya çalışırım. Bu parçanın yazarıyla ilgili aşağıdakilerden hangisi söylenemez? gösterir. çalışır. görür. önceler. 9 Diğer sayfaya geçiniz. 2024-TYT/TÜR","İçeriğinde hangi tür malzemelerin kullanıldığına hep mesafeli durmuşumdur. Çünkü başarmak ya da başarısızlığa uğramanın ancak durumsal, geçici",Üretiminde teknolojik gelişmelerden de yararlanıldığına anlamlar taşıdığına inanırım. Bu yüzden bana sürekli bir yarış pistinde olduğumu hissettiren ve her ne olursa olsun üretme ve hayata devam etme gücümü azaltan,"Ekonomik olarak erişilmesinin kolay olduğuna bu düşünme biçimini reddeder, akışına göre yaşamaya çalışırım.",Çeşitli dönemlerde farklı mekânlarda satıldığına Bu parçanın yazarıyla ilgili aşağıdakilerden hangisi,Yemek kültüründeki yerini korumaya devam ettiğine söylenemez? A) Başkalarının doğrularına göre yaşamaktan kaçınır. B) Kalıplara girmeden olduğu gibi yaşamaya özen gösterir. C)Olumsuz sonuçlanabilecek girişimlerden uzak durmaya çalışır. D)Yaşamı koşullara göre şekillenen bir deneyim olarak görür. E) İlerlemek için kaygı verici durumlardan kaçınmayı önceler. 9 Diğer sayfaya geçiniz. 2024-TYT/TÜR,,,TYT Matematik,Matematik,,,
"Günlükler, bir yaşama dair en mahrem ve saygın",,,,,,,,TYT Matematik,Matematik,,,
"Kelebek şeklindeki mimarisiyle şehrin sembol ziyaret cevaplayınız. mekânlarından Konya Tropikal Kelebek Bahçesi, Avrupa’nın en büyük tropikal kelebek bahçesidir.",,,,,,,,TYT Matematik,Matematik,,,
Bu parçada blues ile ilgili aşağıdakilerin hangisine değinilmemiştir?,Tarih içerisinde gösterdiği gelişime,Ortaya çıkış zamanının belirsizliğine,Temsil ettiği duyguların çeşitliliğine,İcra edilmesinde kullanılan aletlere,İçinde bir kelebeğin yaşam serüveni gözlemlenebilir. A) Tarih içerisinde gösterdiği gelişime B) Ortaya çıkış zamanının belirsizliğine C)Temsil ettiği duyguların çeşitliliğine D)İcra edilmesinde kullanılan aletlere E) Bestelerinin ilham verdiği milletlere,,,TYT Matematik,Matematik,,,
soruları aşağıdaki parçaya göre,,,,,,,,TYT Matematik,Matematik,,,
soruları aşağıdaki parçaya göre,,,,,,,,TYT Matematik,Matematik,,,
Bu parçaya göre güneş gülü hakkında aşağıdakilerin hangisi söylenemez? müdahaleyle açığa çıkar. kabiliyeti kazandırır. olanak tanır. yapısını kalıcı olarak değiştirir. hareketsiz kalmasını sağlar. 12 Diğer sayfaya geçiniz. 2024-TYT/TÜR 39 -,Kimyasal etkileşime ve uyarana yönelik tepkileri dış müdahaleyle açığa çıkar.,Hücreleri arasındaki yapısal farklar ona hareket kabiliyeti kazandırır.,Duyarlı tüyleri hareketi algılayarak şekil değiştirmesine olanak tanır.,Yapraklarına uygulanan dışsal kuvvet kimyasal yapısını kalıcı olarak değiştirir.,Salgıladığı bir madde temas sonrasında avının hareketsiz kalmasını sağlar. 12 Diğer sayfaya geçiniz. 2024-TYT/TÜR 39 -,,,TYT Matematik,Matematik,,,
Bu parçada altı çizili sözle eleştirilen okur tipi aşağıdakilerden hangisidir?,Gerçek ile kurguyu ayıramayan,Hayatı kitaplarla sınırlandıran,Gösteriş için kitap okuyan,Kitapları okumayıp istifleyen,Kitaplarda kendinden iz arayan,,,TYT Matematik,Matematik,,,
"soruları aşağıdaki parçaya göre cevaplayınız. Gustave Flaubert, eserlerinde oluşturduğukarakterler aracılığıyla bir okurun nasıl olmaması gerektiğini eleştirel bir dilleokura anlatmanın peşindedir. Daha on altı yaşındayken yazdığı Bibliyo-manyak’ta okumayı zar zor sökmüş, sadece başlıklarına bakarak kitap toplayan takıntılı bir sahafı mizahi bir bakış açısıyla betimler. Madam Bovary’de kitapları yutar gibi okuyan, kadın karakterler ile kendisini özdeşleştiren Emma ve onun kitaplardan ezberlediği alıntıları dinlerken hiçbir tepki vermeyen eşini konu eder. Son kitabı Bilirbilmezler’de ise bir ayrım yapmadanher şeyi okuyup dünya bilgisini edineceklerine inanan iki basılı sayfa gezginini resmeder. Ona göre evlerinden dışarı çıkmayan bu iki tip, hiçbir zaman gerçek hayatın nasıl olduğunu bilemeyecektir. Ayrıca bir dostuna yazdığı mektupta Flaubert, okurun hayat çırağı olması gerektiğini söyler ve “Yaşamak için oku!” diyerek ona öğütte bulunur.",,,,,,,,TYT Matematik,Matematik,,,
Bu testte 40 soru vardır.,,,,,,,,TYT Matematik,Matematik,,,
"Cevaplarınızı, cevap kâğıdının Türkçe Testi için ayrılan kısmına işaretleyiniz.",,,,,,,,TYT Matematik,Matematik,,,
Bu testte 40 soru vardır.,,,,,,,,TYT Matematik,Matematik,,,
"Cevaplarınızı, cevap kâğıdının Türkçe Testi için ayrılan kısmına işaretleyiniz.",,,,,,,,TYT Matematik,Matematik,,,
Deyimlerin bir kısmı gözle ilgilidir. Örneğin gözü ısırmak deyimiyle o kişiyi daha önce görmüş,,,,,,,,TYT Matematik,Matematik,,,
"Günümüzde yeni bir pencere açmak, eskinin boşluğuna dokunmakla mümkündür. Aşağıdakilerden hangisi bu cümleyle anlamca aynı doğrultudadır? var olur. keşfedilerek ortaya çıkar. kalıcı bir mirastır. uğratır. özümsemekle gerçekleşir. 2 Diğer sayfaya geçiniz. 2024-TYT/TÜR","Yeni fikirler, gelenekle kurulan sürekliliği kopararak var olur.","Özgün düşünceler, geçmişte önemsenmeyenler keşfedilerek ortaya çıkar.","Eskinin bıraktığı değerler, taşımakla yükümlü olunan kalıcı bir mirastır.","Çağdaş bakış açısı, zihindeki geleneksel kodları yıkıma uğratır.","Kendine yeni bir alan açmak, mevcut düşünceleri özümsemekle gerçekleşir. 2 Diğer sayfaya geçiniz. 2024-TYT/TÜR",,,TYT Matematik,Matematik,,,
"I. İster ebeveyn isterse eğitimci olsun çoğu yetişkin,",,,,,,,,TYT Matematik,Matematik,,,
Bu caddenin taşlarının üzerinden yüzyıllar boyunca,,,,,,,,TYT Matematik,Matematik,,,
"Kirli bir sokaktan geçipköşkün merdivenlerini tırmandım. geçen insanların ayak seslerini takip edenler, bir kalenin I oya gibi işlenmiş kapısı önünde bulurlar izlerini. İlk bakışta hepsi birbirine benzeyen kapıların arasında II Bu cümledeki ögelerin dizilişi aşağıdakilerin düz tahta kapıyı tanıdım. Çaldığım kapı açıldığında az hangisinde sırasıyla verilmiştir? evvel yaşadığım keşmekeşten eser kalmamıştı. Zevkli III döşenmiş bir evin odasında bulmuştum kendimi. IV Yemyeşil bahçeden taşan huzur, geniş pencerelerden ayaklarımın dibine doğru uzanıyordu. Bu parçada numaralanmış tamlamalardanhangisi, türü bakımından diğerlerinden farklıdır?",Özne - yüklem - belirtili nesne III döşenmiş bir evin odasında bulmuştum kendimi.,"Zarf tümleci - özne - belirtili nesne - yüklem IV Yemyeşil bahçeden taşan huzur, geniş pencerelerden",Özne - yer tamlayıcısı - yüklem - belirtili nesne ayaklarımın dibine doğru uzanıyordu.,"Zarf tümleci - belirtili nesne - yüklem - özne V Bu parçada numaralanmış tamlamalardanhangisi,",Belirtili nesne - yer tamlayıcısı - yüklem - özne türü bakımından diğerlerinden farklıdır? A) I B) II C)III D)IV E) V,,,TYT Matematik,Matematik,,,
"Aşağıdaki cümlelerin hangisinde büyük harflerin yerel pazara uğradım ve kahvaltılıklarımı alıp doğruca yazımıyla ilgili yanlışlık yapılmıştır? limandaki çay bahçesine yöneldim. (III) Balığa giden sandalları ve küçük tekneleri izlemek, Sinop’ta neler olup Millî Parkı bu yıl tekrar açıldı. bittiğini öğrenmek için bu çay bahçeleri en doğru adres. (IV) Yalı Kahvesi’nde denize nazır bir masaya yerleşip müşterilerinin adını, kahvesini yahut çayını nasıl içtiğini yanında etkinliklerle kutladı. bildiği rivayet edilen Mükremin’den bir çay da ben istedim. (V) Sinopluların hiçbir içeceği, soğuk tüketmeyi sevmediğini öğrendim Mükremin’in getirdiği sımsıcak fetih gerçekleşti. çayı yudumlarken. Bu parçada numaralanmış cümlelerden hangisi, tercih edildi. yükleminin türüne göre diğerlerinden farklıdır? hafta Ankara’da kabul etti. 3 Diğer sayfaya geçiniz. 2024-TYT/TÜR","Uzun süreden beri ziyarete kapalı olan Yozgat Çamlığı sandalları ve küçük tekneleri izlemek, Sinop’ta neler olup Millî Parkı bu yıl tekrar açıldı. bittiğini öğrenmek için bu çay bahçeleri en doğru adres. (IV) Yalı Kahvesi’nde denize nazır bir masaya yerleşip","Türkiye Cumhuriyeti, yüzüncü yılını ülkenin dört bir müşterilerinin adını, kahvesini yahut çayını nasıl içtiğini yanında etkinliklerle kutladı. bildiği rivayet edilen Mükremin’den bir çay da ben istedim. (V) Sinopluların hiçbir içeceği, soğuk tüketmeyi",Türk tarihi açısından 29 Mayıs 1453 Salı günü kutlu bir sevmediğini öğrendim Mükremin’in getirdiği sımsıcak fetih gerçekleşti. çayı yudumlarken.,"Kutlamalar için şehrin en güzel yeri olan Zafer Meydanı Bu parçada numaralanmış cümlelerden hangisi, tercih edildi. yükleminin türüne göre diğerlerinden farklıdır? A) I B) II C)III D)IV",V E) Yurt dışından gelen resmî heyeti bakan geçtiğimiz hafta Ankara’da kabul etti. 3 Diğer sayfaya geçiniz. 2024-TYT/TÜR,,,TYT Matematik,Matematik,,,
Birleşme sırasında kelimelerden her ikisi veya ikincisi,,,,,,,,TYT Matematik,Matematik,,,
"(I) Yıldırım Bayezid; kuşatılmış Niğbolu Kalesi’nden anlam değişmesine uğradığında bu tür birleşik kelimeler haber almak, düşmanın asker sayısını öğrenmek bitişik yazılır. niyetiyle Evrenos Bey’i kaleye yolladı. (II) Fakat Evrenos Bey ne düşmandan esir, ne de içeriden haber alabildi. Buna göre aşağıdaki cümlelerin hangisinde (III) Yıldırım’ın buna canı sıkıldı, uykuları kaçtı ve gece yazım yanlışı yapılmıştır? kimseye haber vermeden atına binip hızla kaleye gitti. tüketilen tatlıların başında bülbülyuvası ve kadayıf gelir. bir sesle “Bre Doğan! Bre Doğan! Hâliniz nicedir?” diye bağırdı. (V) Zaten kale duvarının üzerinde bulunan meyvelerin pazar tezgâhlarını süslediği zamanlardır. Hünkârım! Her taraf muhkem, muhafızlar gece gündüz uyanık, yeteri kadar zahirem mevcut.” diye karşılık verdi. Bu parçada numaralanmış cümlelerin hangisinde ütüleyerek ertesi gün giymek üzere hazırladı. virgül kullanımında yanlışlık yapılmıştır? annemden ve benden en çok dinlediği masaldır. uzaklardan bile ayırt edilebiliyordu.","Sıcak yaz günlerinde dondurmanın yanında çokça (IV) Yüksek bir yere çıktı, biraz soluklanıp gök gürler gibi tüketilen tatlıların başında bülbülyuvası ve kadayıf gelir. bir sesle “Bre Doğan! Bre Doğan! Hâliniz nicedir?” diye bağırdı. (V) Zaten kale duvarının üzerinde bulunan","Ekim ve kasım ayları elma, nar, ayva ve beşbıyık gibi Doğan Bey, onun sesini duyunca “Merak buyurmayın meyvelerin pazar tezgâhlarını süslediği zamanlardır. Hünkârım! Her taraf muhkem, muhafızlar gece gündüz uyanık, yeteri kadar zahirem mevcut.” diye karşılık verdi.","Çok sevdiği kavuniçi elbisesini dolaptan özenle çıkardı, Bu parçada numaralanmış cümlelerin hangisinde ütüleyerek ertesi gün giymek üzere hazırladı. virgül kullanımında yanlışlık yapılmıştır?","Cırcırböceği ile karıncanın macerası, kardeşimin A) I B) II C)III D)IV",V annemden ve benden en çok dinlediği masaldır. E) Narçiçeği rengindeki şapkasıyla kalabalık içinde çok uzaklardan bile ayırt edilebiliyordu.,,,TYT Matematik,Matematik,,,
"Bir yazar olarak uzun uzadıya irdelenmesi gerektiğini pek çok turistik ve kültürel mekân vardır. (II) Zeugma düşündüğüm taşra yalnızlığı diye bir kavram var. Bazen Mozaik Müzesi, şehri tanıyabilmek için mutlaka ziyaret çok ızdırap verici olsa da insanın kendisiyle baş başa edilmesi gereken durakların başında gelir. (III) 2011 kalabilmesi için oldukça faydalı bir yalnızlık bu. Kültürel yılında açılan yapı; mimari, teknolojik ve kültürel açıdan nispeten cılız ancak oldukça sevimli olan bu açıdan sadece şehrin değil dünyanın önde gelen şehirde ben, taşra yalnızlığını kurmacayla avantaja müzelerindendir. (IV) Zeugma şehrinden kalan eserlerin dönüştürmeye çabalayanlardanım. Bu hâl, beni kalem ve sergilendiği müzedeki buluntularla iki bin yıllık geçmişe kitaplarla dostluğa sevk ediyor. Ayrıca bu sınırlı alanda tanıklık edilebilir. (V) MÖ 300’de Büyük İskender’in oluşturduğum sonsuz kültür evreniyle merkezde “Selevkia Euphtrates” adıyla kurduğu yerleşim yeri, kurduğum yaşantıya bir alternatif bulduğuma Kommagene Krallığı’nın dört büyük şehrinden biridir. inanıyorum. (VI) Yaklaşık iki yüz elli yıl sonra Roma İmparatorluğu’na Aşağıdakilerden hangisi bu parçadaki düşünceyi bağlanan şehir, “köprü, geçit” anlamlarına gelen ve destekler niteliktedir? bugün müzeye de adını veren Zeugma olarak anılmaya başlanmıştır. bağımsız gelişir. Bu parça iki paragrafa ayrılmak istense ikinci paragraf numaralanmış cümlelerin hangisiyle başlar? gücünü besler. kurmasını sağlar. edebiyatla mümkün olur.",Edebiyatta yalnızlık duygusu zaman ve mekândan bağımsız gelişir. Bu parça iki paragrafa ayrılmak istense ikinci paragraf numaralanmış cümlelerin hangisiyle,"Yalnızlık, edebî eser yazma sürecinde kişinin hayal başlar? gücünü besler. A) II B) III",IV,V,"VI C)Edebî metinler, taşra ve merkezdeki kültürün yakınlık kurmasını sağlar. D)Mekânı ve kimi olumsuz duyguları aşabilmek edebiyatla mümkün olur.",,,TYT Matematik,Matematik,,,
(I) Gaziantep’in tarihini anlayabilmek için gezilecek,,,,,,,,TYT Matematik,Matematik,,,
Yaklaşık yedi milyon nüfusa sahip Hong Kong’da,,,,,,,,TYT Matematik,Matematik,,,
"(I) Modern tıbbın temelinde yer alan Hipokrat yemini, tıp biliminin etik prensiplerini yansıtır. (II) Hipokrat’ın belirler. benimsediği ilkelerden biri bugün de geçerliğini korur: İnsanların, akılcı açıklamaları olan “doğal” nedenler yüzünden hastalandığı. (III) Hâlbuki Hipokrat ve takipçilerinden önce Yunanistan’da ve ona komşu ülkelerde hastalıkların doğaüstü bir boyutu olduğu varsayılıyordu. (IV) Tanrılara karşı gelindiği veya doğaüstü güçleri olan biri tarafından büyü yapıldığı için hastalıkların ortaya çıktığı düşünülüyordu. (V) Hastalıklara doğaüstü güçler yol açabiliyorsa tedavi yöntemlerini de rahiplere veya büyücülere bırakmanın en iyi çözüm olacağı düşüncesine sahiplerdi. Bu parçada numaralanmış cümlelerden hangisi düşüncenin akışını bozmaktadır? 5 Diğer sayfaya geçiniz. 2024-TYT/TÜR",I,II,III,IV,"Edebiyatla uğraşmak kalabalıklara karşı takınılan tavrı tıp biliminin etik prensiplerini yansıtır. (II) Hipokrat’ın belirler. benimsediği ilkelerden biri bugün de geçerliğini korur: İnsanların, akılcı açıklamaları olan “doğal” nedenler yüzünden hastalandığı. (III) Hâlbuki Hipokrat ve takipçilerinden önce Yunanistan’da ve ona komşu ülkelerde hastalıkların doğaüstü bir boyutu olduğu varsayılıyordu. (IV) Tanrılara karşı gelindiği veya doğaüstü güçleri olan biri tarafından büyü yapıldığı için hastalıkların ortaya çıktığı düşünülüyordu. (V) Hastalıklara doğaüstü güçler yol açabiliyorsa tedavi yöntemlerini de rahiplere veya büyücülere bırakmanın en iyi çözüm olacağı düşüncesine sahiplerdi. Bu parçada numaralanmış cümlelerden hangisi düşüncenin akışını bozmaktadır? A) I B) II C)III D)IV E) V 5 Diğer sayfaya geçiniz. 2024-TYT/TÜR",,,TYT Matematik,Matematik,,,
"Modern fiziğe göre atom altı düzeyde madde; belirli yerlerde kesin bir biçimde var olmaz, “var olma eğilimi”",,,,,,,,TYT Matematik,Matematik,,,
"MÖ V. yüzyılın sonlarında resimleriyle ünlenmiş Zeuxis, gösterir. Benzer şekilde atomik olaylar da belirli elinde üzüm tutan bir çocuğun resmini yapmış. Üzümler zamanlarda ve şekillerde nihai bir biçimde oluşmaz, öylesine gerçek gibi duruyormuş ki kuşlar gelip yemeye sadece “oluşma eğilimi” içindedir. Dolayısıyla atom altı kalkışmış. Bundan dolayı övüldüğü zaman Zeuxis, parçacıkların kendi başlarına hiçbir anlamı yoktur. ----. üzülerek “Çocuğun resmini daha iyi yapabilseydim kuşlar Çünkü atom altı parçacıklar “şeyler” değil “şeyler ondan korkardı.” demiş. arasındaki bağlantılar”dır. Aşağıdakilerden hangisi bu parçadaki düşünceyi Bu parçada boş bırakılan yere aşağıdakilerden destekler niteliktedir? hangisi getirilmelidir? yüklendiği özel işlevlere göre gerçekleşir çağdaş fizik bize evrenin bir bütün olduğunu anlatır bakımından ayrılır. süreçlerle olan ilişkileri içinde bir anlam kazanır biçimiyle değerlendirilir. atom altı düzey, maddenin varlığına bağımlıdır kalıcılığa erişir. yoluyla incelendiğinde maddenin varlığı kanıtlanır 6 Diğer sayfaya geçiniz. 2024-TYT/TÜR","Sanat eseri, doğada var olanı benzersiz kıldığı ölçüde A) Fakat atomik olayların oluşması atom altı parçacıkların değerli kabul edilir. yüklendiği özel işlevlere göre gerçekleşir","Sanatçı, doğayı gerçekçi bir biçimde yansıtabildiği B) Oysa atom altı parçacıkların işleyişi bağlamında oranda başarılıdır. çağdaş fizik bize evrenin bir bütün olduğunu anlatır","Resim sanatı, diğer sanatlardan gerçekçiliği ele alışı bakımından ayrılır. C)Ancak gözlemlenebilir ve ölçülebilir nitelikteki süreçlerle olan ilişkileri içinde bir anlam kazanır","Sanatçının özgünlüğü, temel aldığı konuyu işleyiş biçimiyle değerlendirilir. D)Kaldı ki zaman ve mekândan bağımsız olamayan atom altı düzey, maddenin varlığına bağımlıdır","Sanat eseri, insanın temel özelliklerini içerdiğinde kalıcılığa erişir. E) Ne var ki atom altı parçacıklar, somutlaştırmalar yoluyla incelendiğinde maddenin varlığı kanıtlanır 6 Diğer sayfaya geçiniz. 2024-TYT/TÜR",,,TYT Matematik,Matematik,,,
Biz fark etsek de etmesek de yapay zekâ artık,,,,,,,,TYT Matematik,Matematik,,,
"Gerilimi psikolojik ögelerle kuran yönetmenin filmlerindeki ana temalar suç ve korkudur. Gerilim unsurlarını filmin karakterleri üzerinden inşa ederek olay örgüsünün onların etrafında gelişmesini sağlar. Seyircinin, filmi uzaktan izlemesine müsaade etmeyerek onu filmin içine davet eder. Böylece başına gelecekleri bilmeyen karakterlerin yanında seyircinin yer almasını ve olay örgüsünün girdabına kapılmasını sağlar. Bu parçadan yönetmenin filmleriyle ilgili aşağıdakilerin hangisine ulaşılabilir? artırır. tutar. 7 Diğer sayfaya geçiniz. 2024-TYT/TÜR",Seyircinin karakterlerle özdeşim kurmasını amaçlar.,Karakterleri psikolojik çözümlemelerle birlikte sunar.,Gerilim unsurlarını çeşitlendirerek seyirci kitlesini artırır.,Kurgusunu karakterlerin yaşadığı çatışmalardan alır.,Konusunun karmaşıklığı ile seyircide heyecanı canlı tutar. 7 Diğer sayfaya geçiniz. 2024-TYT/TÜR,,,TYT Matematik,Matematik,,,
Bu testte 40 soru vardır.,,,,,,,,TYT Matematik,Matematik,,,
"Cevaplarınızı, cevap kâğıdının Türkçe Testi için ayrılan kısmına işaretleyiniz.",,,,,,,,TYT Matematik,Matematik,,,
Bu testte 40 soru vardır.,,,,,,,,TYT Matematik,Matematik,,,
"Cevaplarınızı, cevap kâğıdının Türkçe Testi için ayrılan kısmına işaretleyiniz.",,,,,,,,TYT Matematik,Matematik,,,
Deyimlerin bir kısmı gözle ilgilidir. Örneğin gözü ısırmak deyimiyle o kişiyi daha önce görmüş,,,,,,,,TYT Matematik,Matematik,,,
"Günümüzde yeni bir pencere açmak, eskinin boşluğuna dokunmakla mümkündür. Aşağıdakilerden hangisi bu cümleyle anlamca aynı doğrultudadır? var olur. keşfedilerek ortaya çıkar. kalıcı bir mirastır. uğratır. özümsemekle gerçekleşir. 2 Diğer sayfaya geçiniz. 2024-TYT/TÜR","Yeni fikirler, gelenekle kurulan sürekliliği kopararak var olur.","Özgün düşünceler, geçmişte önemsenmeyenler keşfedilerek ortaya çıkar.","Eskinin bıraktığı değerler, taşımakla yükümlü olunan kalıcı bir mirastır.","Çağdaş bakış açısı, zihindeki geleneksel kodları yıkıma uğratır.","Kendine yeni bir alan açmak, mevcut düşünceleri özümsemekle gerçekleşir. 2 Diğer sayfaya geçiniz. 2024-TYT/TÜR",,,TYT Matematik,Matematik,,,
"I. İster ebeveyn isterse eğitimci olsun çoğu yetişkin,",,,,,,,,TYT Matematik,Matematik,,,
Bu caddenin taşlarının üzerinden yüzyıllar boyunca,,,,,,,,TYT Matematik,Matematik,,,
"Kirli bir sokaktan geçipköşkün merdivenlerini tırmandım. geçen insanların ayak seslerini takip edenler, bir kalenin I oya gibi işlenmiş kapısı önünde bulurlar izlerini. İlk bakışta hepsi birbirine benzeyen kapıların arasında II Bu cümledeki ögelerin dizilişi aşağıdakilerin düz tahta kapıyı tanıdım. Çaldığım kapı açıldığında az hangisinde sırasıyla verilmiştir? evvel yaşadığım keşmekeşten eser kalmamıştı. Zevkli III döşenmiş bir evin odasında bulmuştum kendimi. IV Yemyeşil bahçeden taşan huzur, geniş pencerelerden ayaklarımın dibine doğru uzanıyordu. Bu parçada numaralanmış tamlamalardanhangisi, türü bakımından diğerlerinden farklıdır?",Özne - yüklem - belirtili nesne III döşenmiş bir evin odasında bulmuştum kendimi.,"Zarf tümleci - özne - belirtili nesne - yüklem IV Yemyeşil bahçeden taşan huzur, geniş pencerelerden",Özne - yer tamlayıcısı - yüklem - belirtili nesne ayaklarımın dibine doğru uzanıyordu.,"Zarf tümleci - belirtili nesne - yüklem - özne V Bu parçada numaralanmış tamlamalardanhangisi,",Belirtili nesne - yer tamlayıcısı - yüklem - özne türü bakımından diğerlerinden farklıdır? A) I B) II C)III D)IV E) V,,,TYT Matematik,Matematik,,,
Birleşme sırasında kelimelerden her ikisi veya ikincisi,,,,,,,,TYT Matematik,Matematik,,,
"Her dönemin temelde iki tür davranışı vardır ( ) Bir hiçbir şey kaybetmeyeceksinizdir.”. Başka bir deyişle taraftan tanık olduğunu “saklamak” ( ) diğer taraftan deneyerek her durumda kazanacaksınız. Zaten ise geleceğe “aktarmak” ister ( ) İşte bunlar ( ) hangi cebinizde olmayan bir bilgi, bir duygu veya bir şansın en şartlar altında ( ) hangi duygularla yazılmış olursa olsun fazla nasıl olmayacağını görmüş olacaksınız. Edison’un üretilen edebî eserlerin muhatap aldığı iki eşik olarak her başarısız deney sonrasında dediği gibi “Nasıl beliriyor. yapacağınızı bulamamış ama nasıl yapamayacağınızı Bu parçada boş bırakılan yerlere sırasıyla aşağıdaki görmüş olacaksınız.”. noktalama işaretlerinden hangileri getirilmelidir? Bu parçada Edison’dan söz edilmesinin nedeni bulunduğunu göstermek güçlendirmek ikna etmek 4 Diğer sayfaya geçiniz. 2024-TYT/TÜR","(.) (,) (...) (;) (,) aşağıdakilerden hangisidir? A) Aktarılan düşünceleri, farklı bir bakış açısı sunarak","(:) (;) (.) (,) (;) kabul ettirmek","(:) (,) (.) (;) (,) B) Ortaya konan düşünceyle çelişen durumların da bulunduğunu göstermek","(.) (;) (...) (;) (,) C)Tartışmacı bir içerik oluşturup okurların metne olan","(:) (,) (.) (,) (;) ilgisini canlı tutmak D)Anlatılanlara somut bir örnek vererek anlatımı güçlendirmek E) Farklı düşünceleri karşılaştırarak okurları anlatılanlara ikna etmek 4 Diğer sayfaya geçiniz. 2024-TYT/TÜR",,,TYT Matematik,Matematik,,,
"Cevaplarınızı, cevap kâğıdının Türkçe Testi için ayrılan kısmına işaretleyiniz.",,,,,,,,TYT Matematik,Matematik,,,
(I) Gaziantep’in tarihini anlayabilmek için gezilecek,,,,,,,,TYT Matematik,Matematik,,,
"(I) Modern tıbbın temelinde yer alan Hipokrat yemini, tıp biliminin etik prensiplerini yansıtır. (II) Hipokrat’ın belirler. benimsediği ilkelerden biri bugün de geçerliğini korur: İnsanların, akılcı açıklamaları olan “doğal” nedenler yüzünden hastalandığı. (III) Hâlbuki Hipokrat ve takipçilerinden önce Yunanistan’da ve ona komşu ülkelerde hastalıkların doğaüstü bir boyutu olduğu varsayılıyordu. (IV) Tanrılara karşı gelindiği veya doğaüstü güçleri olan biri tarafından büyü yapıldığı için hastalıkların ortaya çıktığı düşünülüyordu. (V) Hastalıklara doğaüstü güçler yol açabiliyorsa tedavi yöntemlerini de rahiplere veya büyücülere bırakmanın en iyi çözüm olacağı düşüncesine sahiplerdi. Bu parçada numaralanmış cümlelerden hangisi düşüncenin akışını bozmaktadır? 5 Diğer sayfaya geçiniz. 2024-TYT/TÜR",I,II,III,IV,"Edebiyatla uğraşmak kalabalıklara karşı takınılan tavrı tıp biliminin etik prensiplerini yansıtır. (II) Hipokrat’ın belirler. benimsediği ilkelerden biri bugün de geçerliğini korur: İnsanların, akılcı açıklamaları olan “doğal” nedenler yüzünden hastalandığı. (III) Hâlbuki Hipokrat ve takipçilerinden önce Yunanistan’da ve ona komşu ülkelerde hastalıkların doğaüstü bir boyutu olduğu varsayılıyordu. (IV) Tanrılara karşı gelindiği veya doğaüstü güçleri olan biri tarafından büyü yapıldığı için hastalıkların ortaya çıktığı düşünülüyordu. (V) Hastalıklara doğaüstü güçler yol açabiliyorsa tedavi yöntemlerini de rahiplere veya büyücülere bırakmanın en iyi çözüm olacağı düşüncesine sahiplerdi. Bu parçada numaralanmış cümlelerden hangisi düşüncenin akışını bozmaktadır? A) I B) II C)III D)IV E) V 5 Diğer sayfaya geçiniz. 2024-TYT/TÜR",,,TYT Matematik,Matematik,,,
Yaklaşık yedi milyon nüfusa sahip Hong Kong’da,,,,,,,,TYT Matematik,Matematik,,,
"MÖ V. yüzyılın sonlarında resimleriyle ünlenmiş Zeuxis, gösterir. Benzer şekilde atomik olaylar da belirli elinde üzüm tutan bir çocuğun resmini yapmış. Üzümler zamanlarda ve şekillerde nihai bir biçimde oluşmaz, öylesine gerçek gibi duruyormuş ki kuşlar gelip yemeye sadece “oluşma eğilimi” içindedir. Dolayısıyla atom altı kalkışmış. Bundan dolayı övüldüğü zaman Zeuxis, parçacıkların kendi başlarına hiçbir anlamı yoktur. ----. üzülerek “Çocuğun resmini daha iyi yapabilseydim kuşlar Çünkü atom altı parçacıklar “şeyler” değil “şeyler ondan korkardı.” demiş. arasındaki bağlantılar”dır. Aşağıdakilerden hangisi bu parçadaki düşünceyi Bu parçada boş bırakılan yere aşağıdakilerden destekler niteliktedir? hangisi getirilmelidir? yüklendiği özel işlevlere göre gerçekleşir çağdaş fizik bize evrenin bir bütün olduğunu anlatır bakımından ayrılır. süreçlerle olan ilişkileri içinde bir anlam kazanır biçimiyle değerlendirilir. atom altı düzey, maddenin varlığına bağımlıdır kalıcılığa erişir. yoluyla incelendiğinde maddenin varlığı kanıtlanır 6 Diğer sayfaya geçiniz. 2024-TYT/TÜR","Sanat eseri, doğada var olanı benzersiz kıldığı ölçüde A) Fakat atomik olayların oluşması atom altı parçacıkların değerli kabul edilir. yüklendiği özel işlevlere göre gerçekleşir","Sanatçı, doğayı gerçekçi bir biçimde yansıtabildiği B) Oysa atom altı parçacıkların işleyişi bağlamında oranda başarılıdır. çağdaş fizik bize evrenin bir bütün olduğunu anlatır","Resim sanatı, diğer sanatlardan gerçekçiliği ele alışı bakımından ayrılır. C)Ancak gözlemlenebilir ve ölçülebilir nitelikteki süreçlerle olan ilişkileri içinde bir anlam kazanır","Sanatçının özgünlüğü, temel aldığı konuyu işleyiş biçimiyle değerlendirilir. D)Kaldı ki zaman ve mekândan bağımsız olamayan atom altı düzey, maddenin varlığına bağımlıdır","Sanat eseri, insanın temel özelliklerini içerdiğinde kalıcılığa erişir. E) Ne var ki atom altı parçacıklar, somutlaştırmalar yoluyla incelendiğinde maddenin varlığı kanıtlanır 6 Diğer sayfaya geçiniz. 2024-TYT/TÜR",,,TYT Matematik,Matematik,,,
"Gerilimi psikolojik ögelerle kuran yönetmenin filmlerindeki ana temalar suç ve korkudur. Gerilim unsurlarını filmin karakterleri üzerinden inşa ederek olay örgüsünün onların etrafında gelişmesini sağlar. Seyircinin, filmi uzaktan izlemesine müsaade etmeyerek onu filmin içine davet eder. Böylece başına gelecekleri bilmeyen karakterlerin yanında seyircinin yer almasını ve olay örgüsünün girdabına kapılmasını sağlar. Bu parçadan yönetmenin filmleriyle ilgili aşağıdakilerin hangisine ulaşılabilir? artırır. tutar. 7 Diğer sayfaya geçiniz. 2024-TYT/TÜR",Seyircinin karakterlerle özdeşim kurmasını amaçlar.,Karakterleri psikolojik çözümlemelerle birlikte sunar.,Gerilim unsurlarını çeşitlendirerek seyirci kitlesini artırır.,Kurgusunu karakterlerin yaşadığı çatışmalardan alır.,Konusunun karmaşıklığı ile seyircide heyecanı canlı tutar. 7 Diğer sayfaya geçiniz. 2024-TYT/TÜR,,,TYT Matematik,Matematik,,,
"Yazarın en büyük başarılarından biri eserlerinde hayatımızın bir parçası. Bu teknoloji sayesinde kendi üçüncüşahıs anlatımı kullanmasıdır. Burada anlatıcı; kendine park eden otomobillere, akıllı sensörlerin karakterlerinbütün zihinsel durumlarını, yaşadıklarını, yardımıyla çekilen muhteşem fotoğraflara kavuştuk. yönelimlerini bilmekte ve okura anlatmaktadır. Böylelikle Benzer şekilde eğitimde de yapay zekânın etkisi gün anlatıcı, duygu ve düşüncelerini karakterlerin de okurun geçtikçe daha çok hissediliyor ve geleneksel yöntemler da yüzüne açıkça dile getirebilmektedir. Geçmiş, şimdi büyük ölçüde farklılaşıyor. Eğitimciler, psikologlar ve ve geleceğin iç içe olduğu üçüncü şahıs anlatım, birinci ebeveynler arasında çocuklarımız için doğru ekran tekil şahsın imkânlarını da kullanarak her yönüyle hâkim süresi hakkında tartışmalar sürerken eğitimin şeklini ve bir bakış sunar. Böylece okur, karakterlerin hayatlarına geleceğini değiştiren yapay zekâ; dünyanın önde gelen ve akıllarından geçirdiklerine tanıklık edebilmektedir. ülkelerinde oyunun kurallarını belirlemeye başladı bile. Bu parçada söz edilen anlatıcıylailgili aşağıdakilerin Konuyla ilgili raporlara baktığımızda yapay zekânın hangisi söylenebilir? eğitimdeki yerinin yakın gelecekte çok büyük oranlara ulaşacağı görülüyor. müdahale eder. Bu parçada yapay zekâyla ilgili aşağıdakilerin hangisine değinilmiştir? ele alır. olduğuna başarıya ulaştırır. sağladığına odaklanmasını hedefler. yol açtığına",Kendi duygularından yola çıkarak olayların akışına müdahale eder. Bu parçada yapay zekâyla ilgili aşağıdakilerin hangisine değinilmiştir?,Kapsayıcı bakış açısıyla esere dâhil olarak anlatıyı A) Bazı sektörlerde insana bağımlılığı azaltacağına okura aktarır. B) Eğitim alanında daha fazla gelişim gösterdiğine,İç çatışmalara yer vererek karakterleri tüm boyutlarıyla ele alır. C)Çocukların gelişimi üzerinde olumsuz etkilerinin olduğuna,Kişilerin bilinmeyen yönlerini ortaya çıkararak eseri başarıya ulaştırır. D)Eğitimde kullanımının öğrenci başarısına katkı sağladığına,Karakterleri arka planda tutarak okurun olaya odaklanmasını hedefler. E) Eğitimde alışılagelmiş anlayışlarda değişikliğe yol açtığına,,,TYT Matematik,Matematik,,,
"Özgünlük genellikle insanın kendisi olmasını içeren bir ipliği, pamuklu dokuma, çarşaf, gömlek ve keten bezi durum olarak görülür. Peki, özgünlük değişimi engelliyor üretimiyle ön plana çıkmıştır. XIX. yüzyıla kadar bu ve herkesi yerinde saymaya teşvik ediyorsa... İşte bunu ürünlerin geleneksel tarzda üretimi yapılmıştır. Zamanla sorgulamamız gerekir. İnsan, bazen amaçlarına ulaşmak şehrin kalabalıklaşması ve ticaret hacminin artması, seri için bir süreliğine maske takmak zorunda kalabilir. üretimin yapıldığı fabrikalaşmaya doğru ilk adımların Benzer şekilde özgünlük de insanları olduğu gibi atılmasını da beraberinde getirmiştir. Pamuk fabrikasının kalmaya ve başka perspektiflerden fikirleri görmezden açılması, boyahane ve basmahanelerin kurulması bu gelmeye itebilir. Bu bakımdan insanın benliğine olduğu adımlardandır. Ayrıca XIX. yüzyıla ait haritalarda hâliyle sadık kalmasının, dönüşebileceği her şeyden Boyahane Deresi’nin etrafında kümelenmiş yapıların kendini soyutlamasıyla eş değer olduğu söylenebilir. yer alması, şehirdeki tekstil ürünü boyamacılığının dere Bu parçadan aşağıdakilerin hangisine ulaşılabilir? etrafında yaygın olduğunu gösteren önemli bir kanıttır. Boyahanelerde bitkisel boyalar üretilmiş; “alizarin” veya “Türk kırmızısı” olarak bilinen kırmızı boya, kumaş özgünlüğünü kaybedebilir. boyamada ve halı dokumacılığında kullanılmıştır. Bu parçaya göre İzmir dokuma imalatıyla ilgili amaçlarına ulaşabilir. aşağıdakilerden hangisi söylenebilir? sınırlandırmıştır. birey başarılı olabilir. geçiş sağlanmıştır. vermesi onu tutarsızlaştırır. bölgesinde yoğunlaşmıştır. kapalı bir hâle getirebilir. teknik kullanılmıştır. ilham kaynağı olmuştur. 8 Diğer sayfaya geçiniz. 2024-TYT/TÜR","Kişi, istemediği bir davranışı yapmaya zorlandığında “Türk kırmızısı” olarak bilinen kırmızı boya, kumaş özgünlüğünü kaybedebilir. boyamada ve halı dokumacılığında kullanılmıştır.","Özgünlüğünden vazgeçmeye gönüllü olan insan, Bu parçaya göre İzmir dokuma imalatıyla ilgili amaçlarına ulaşabilir. aşağıdakilerden hangisi söylenebilir? A) Geleneksel üretim metotları şehirdeki ticaret hacmini",Doğru olduğuna inandığı şeyi kendi isteğiyle yapan sınırlandırmıştır. birey başarılı olabilir. B) Şehir nüfusunun artmasıyla birlikte fabrikasyon üretime,İnsanın istekleri doğrultusunda kişiliğinden ödün geçiş sağlanmıştır. vermesi onu tutarsızlaştırır. C)Dokuma kumaşlarının üretimi şehrin belli bir,"İnsanın özgün olma uğruna yaptıkları, onu değişime bölgesinde yoğunlaşmıştır. kapalı bir hâle getirebilir. D)Farklı kumaş türlerinin üretimi sırasında birden fazla teknik kullanılmıştır. E) Oluşturduğu modelle farklı sektörlerin gelişmesine ilham kaynağı olmuştur. 8 Diğer sayfaya geçiniz. 2024-TYT/TÜR",,,TYT Matematik,Matematik,,,
"İnsanlar her adımını bir seçeneğe bağlar: başarı ya da hangisine değinilmemiştir? başarısızlık, zafer ya da bozgun. Bense bu seçeneklere hep mesafeli durmuşumdur. Çünkü başarmak ya da başarısızlığa uğramanın ancak durumsal, geçici anlamlar taşıdığına inanırım. Bu yüzden bana sürekli bir yarış pistinde olduğumu hissettiren ve her ne olursa olsun üretme ve hayata devam etme gücümü azaltan bu düşünme biçimini reddeder, akışına göre yaşamaya çalışırım. Bu parçanın yazarıyla ilgili aşağıdakilerden hangisi söylenemez? gösterir. çalışır. görür. önceler. 9 Diğer sayfaya geçiniz. 2024-TYT/TÜR","İçeriğinde hangi tür malzemelerin kullanıldığına hep mesafeli durmuşumdur. Çünkü başarmak ya da başarısızlığa uğramanın ancak durumsal, geçici",Üretiminde teknolojik gelişmelerden de yararlanıldığına anlamlar taşıdığına inanırım. Bu yüzden bana sürekli bir yarış pistinde olduğumu hissettiren ve her ne olursa olsun üretme ve hayata devam etme gücümü azaltan,"Ekonomik olarak erişilmesinin kolay olduğuna bu düşünme biçimini reddeder, akışına göre yaşamaya çalışırım.",Çeşitli dönemlerde farklı mekânlarda satıldığına Bu parçanın yazarıyla ilgili aşağıdakilerden hangisi,Yemek kültüründeki yerini korumaya devam ettiğine söylenemez? A) Başkalarının doğrularına göre yaşamaktan kaçınır. B) Kalıplara girmeden olduğu gibi yaşamaya özen gösterir. C)Olumsuz sonuçlanabilecek girişimlerden uzak durmaya çalışır. D)Yaşamı koşullara göre şekillenen bir deneyim olarak görür. E) İlerlemek için kaygı verici durumlardan kaçınmayı önceler. 9 Diğer sayfaya geçiniz. 2024-TYT/TÜR,,,TYT Matematik,Matematik,,,
"Sanat ve edebiyat üzerine yazılmış ilk eser, Aristoteles’in Terimler, kullanımla yeni anlamlar kazanmayan ve Poetika’sıdır. Bu eserde edebiyat ve eleştiri biliminin algılanmaları kişiden kişiye değişmeyen nesnel temelleri atılmıştır. Eserin sanat ve edebiyat üzerine sözcüklerdir. Oysa kendine özgü bir evren kuran ortaya koyduğu tanım, tasnif ve ilkeler; olduğu gibi sözcükler, anlamsal ve duygusal açıdan sürekli yüzyıllarca benimsenmiş ve temel bilgiler olarak gelişime ve değişime açıktır. Yeni anlamlar yüklenmeye kabul edilmiştir. Eserde öne sürülen fikirler; günümüz yatkınlıkları vardır. Hatta bu sözcükler, kişiye özgü dünyasında bile araştırmacılar için hareket noktası duygusal ve çağrışımsal anlamlar da kazanabilir. oluşturmakta, tanımlanan kavramlar tartışılmaktadır. Örneğin aynı sözcük bazı insanlarda neşe ve iyimserlik, Bu eser, âdeta kendisinden sonraki edebiyat ve eleştiri bazılarında ise hüzün ve karamsarlık duyguları araştırmalarının programını hazırlamış gibidir. uyandırabilir. Kuşkusuz sözcüklerin bu izlenimsel Bu parçada söz edilen eserin özellikleri arasında anlamları, göreceli bir nitelik taşıdığından bu yönleri aşağıdakilerden hangisi gösterilemez? sözcük ve kavramları açıklayan kaynaklarda yer almaz. Bu parçadan aşağıdakilerin hangisine ulaşılamaz? kullanıldıkça yeni anlamlar kazanır. kişiden kişiye değişiklik gösterir.",Etkileyiciliği,Kalıcılığı,Güncelliği Bu parçadan aşağıdakilerin hangisine ulaşılamaz?,Öncülüğü,"Tutarlılığı A) Bir dile ait sözcükler, o dilin konuşurları tarafından kullanıldıkça yeni anlamlar kazanır. B) Bazı sözcüklerin çağrışımla uyandırdığı duygusal etki, kişiden kişiye değişiklik gösterir.",,,TYT Matematik,Matematik,,,
"Dondurma, XIX. yüzyıldan bu yana keyifle tükettiğimiz yiyeceklerdendir. 1800’lerin başında Anadolu’da süt anlamlandırmaya uygun değildir. ve meyvenin karıştırılmasıyla yapılan dondurma, yüzyılın ortalarına doğru bir sokak lezzetine dönüşür. Osmanlı İstanbul’unda ilk olarak seyyar satıcılarla karşımıza çıkan kullanıldıkça yeni çağrışımlar kazanır. dondurmanın bu şekilde satılması XX. yüzyılın ilk çeyreğine kadar sürer. 1930’lara gelindiğinde ise muhallebicilerde ve pastanelerde satılmaya başlar. sözlüklerde bulunması mümkün değildir. Sonraları ise sanayileşmenin etkisiyle dondurma yapımında elektrikli aletler kullanılır. Böylelikle dondurma, türlü değişimlere ayak uydurarak Türk mutfağındaki değerini korur. Bu parçada dondurmayla ilgili aşağıdakilerin",,,"Bilimsel kavramlar, anlam genişlemesi ve yeniden yiyeceklerdendir. 1800’lerin başında Anadolu’da süt anlamlandırmaya uygun değildir. ve meyvenin karıştırılmasıyla yapılan dondurma, yüzyılın ortalarına doğru bir sokak lezzetine dönüşür. Osmanlı","Kimi sözcükler, sözlük anlamlarının dışında İstanbul’unda ilk olarak seyyar satıcılarla karşımıza çıkan kullanıldıkça yeni çağrışımlar kazanır. dondurmanın bu şekilde satılması XX. yüzyılın ilk çeyreğine kadar sürer. 1930’lara gelindiğinde ise","Sözcüklere yüklenen bazı kişisel anlamların, muhallebicilerde ve pastanelerde satılmaya başlar. sözlüklerde bulunması mümkün değildir. Sonraları ise sanayileşmenin etkisiyle dondurma yapımında elektrikli aletler kullanılır. Böylelikle dondurma, türlü değişimlere ayak uydurarak Türk mutfağındaki değerini korur. Bu parçada dondurmayla ilgili aşağıdakilerin",,,TYT Matematik,Matematik,,,
"1980’lerde yapılan Türk filmlerinde eve ve ev içine kayıtlardır. Bir günlüğü ele geçirdiğinizde belki bir yönelik bir merak vardı. İnsanın mekânla ilişkisini yaşamın bir kısmını belki de tamamını elde etmiş yansıtmaktan olabildiğince uzak, doğallıktan yoksun ev olursunuz. Açılan her sayfa size yeni ve gerçekçi bir görüntülerini içeren yığınla film çekildi o zaman. Eşyanın hayat sunar. Hayat kesitlerindeki sahicilik ve içtenlikten bir dekor olarak kaldığı, kameranın uzun uzun içinde dolayı yazarla empati kurmanız tamamen olağandır. Bu dolaştığı, duvarlarına manidar tabloların asıldığı, yönüyle günlük, romanı andırsa da onun kurgusal yukarıdan çekilmiş merdiven sahnelerinin yer aldığı atmosferinden uzak olduğu için kendine has tarza sahip evler... Bunun üç nedeni vardı: Her şeyden önce mekân, edebî türdür. Türk sineması için yeni keşfedilen dolayısıyla da görüntü değeri yüksek bir malzemeydi. İkincisi; bu görüntüler Bu parçaya göre günlüklerle ilgili aşağıdakilerden dönemin mahremiyetini görünür kılma, iç dünyaları hangisi söylenemez? gözetleme ihtiyacına cevap veriyordu. Üçüncüsü ise arasında yer alır. gerekli olan sembolizmi mekân görüntüleriyle sağlama çabalarıydı. Bu parçada aşağıdakilerin hangisine öne çıkar. değinilmemiştir? aktarır. dönüştüğüne kurmasını sağlar. cevap verdiğine özellikler taşır. tasarlandığına yapaylığına olan ilişkisine 10 Diğer sayfaya geçiniz. 2024-TYT/TÜR 35 -",Gizemli yönleriyle insanların dikkatini çeken metinler yönetmenlerin belli bir estetik duygusu oluşturmak için arasında yer alır. gerekli olan sembolizmi mekân görüntüleriyle sağlama çabalarıydı.,Hayatı samimi biçimde ve doğrudan yansıtmasıyla Bu parçada aşağıdakilerin hangisine öne çıkar. değinilmemiştir?,Yazarın özel hayatından kesitleri özgün bir üslupla A) Türk sinema tarihinde mekân anlayışının nasıl aktarır. dönüştüğüne,"İçerdiği bilgiler sayesinde okurun yazarla etkileşim B) Filmlerdeki mekân tasvirlerinin, döneminin anlayışına kurmasını sağlar. cevap verdiğine",Okura sunduğu bilgiler açısından roman türüyle benzer C)Bir dönem Türk sinemasında ev içi mekânların nasıl özellikler taşır. tasarlandığına D)Filmlerdeki iç mekân tasvirlerinin ve sahnelerinin yapaylığına E) Filmlerdeki iç mekân tasarımlarının estetik kaygı ile olan ilişkisine 10 Diğer sayfaya geçiniz. 2024-TYT/TÜR 35 -,,,TYT Matematik,Matematik,,,
"Kelebek şeklindeki mimarisiyle şehrin sembol ziyaret cevaplayınız. mekânlarından Konya Tropikal Kelebek Bahçesi, Avrupa’nın en büyük tropikal kelebek bahçesidir.",,,,,,,,TYT Matematik,Matematik,,,
Bu parçada blues ile ilgili aşağıdakilerin hangisine değinilmemiştir?,Tarih içerisinde gösterdiği gelişime,Ortaya çıkış zamanının belirsizliğine,Temsil ettiği duyguların çeşitliliğine,İcra edilmesinde kullanılan aletlere,İçinde bir kelebeğin yaşam serüveni gözlemlenebilir. A) Tarih içerisinde gösterdiği gelişime B) Ortaya çıkış zamanının belirsizliğine C)Temsil ettiği duyguların çeşitliliğine D)İcra edilmesinde kullanılan aletlere E) Bestelerinin ilham verdiği milletlere,,,TYT Matematik,Matematik,,,
Bu parçaya göre güneş gülü hakkında aşağıdakilerin hangisi söylenemez? müdahaleyle açığa çıkar. kabiliyeti kazandırır. olanak tanır. yapısını kalıcı olarak değiştirir. hareketsiz kalmasını sağlar. 12 Diğer sayfaya geçiniz. 2024-TYT/TÜR 39 -,Kimyasal etkileşime ve uyarana yönelik tepkileri dış müdahaleyle açığa çıkar.,Hücreleri arasındaki yapısal farklar ona hareket kabiliyeti kazandırır.,Duyarlı tüyleri hareketi algılayarak şekil değiştirmesine olanak tanır.,Yapraklarına uygulanan dışsal kuvvet kimyasal yapısını kalıcı olarak değiştirir.,Salgıladığı bir madde temas sonrasında avının hareketsiz kalmasını sağlar. 12 Diğer sayfaya geçiniz. 2024-TYT/TÜR 39 -,,,TYT Matematik,Matematik,,,
"soruları aşağıdaki parçaya göre cevaplayınız. Gustave Flaubert, eserlerinde oluşturduğukarakterler aracılığıyla bir okurun nasıl olmaması gerektiğini eleştirel bir dilleokura anlatmanın peşindedir. Daha on altı yaşındayken yazdığı Bibliyo-manyak’ta okumayı zar zor sökmüş, sadece başlıklarına bakarak kitap toplayan takıntılı bir sahafı mizahi bir bakış açısıyla betimler. Madam Bovary’de kitapları yutar gibi okuyan, kadın karakterler ile kendisini özdeşleştiren Emma ve onun kitaplardan ezberlediği alıntıları dinlerken hiçbir tepki vermeyen eşini konu eder. Son kitabı Bilirbilmezler’de ise bir ayrım yapmadanher şeyi okuyup dünya bilgisini edineceklerine inanan iki basılı sayfa gezginini resmeder. Ona göre evlerinden dışarı çıkmayan bu iki tip, hiçbir zaman gerçek hayatın nasıl olduğunu bilemeyecektir. Ayrıca bir dostuna yazdığı mektupta Flaubert, okurun hayat çırağı olması gerektiğini söyler ve “Yaşamak için oku!” diyerek ona öğütte bulunur.",,,,,,,,TYT Matematik,Matematik,,,
soruları aşağıdaki parçaya göre,,,,,,,,TYT Matematik,Matematik,,,
Bu testte 40 soru vardır.,,,,,,,,TYT Matematik,Matematik,,,
"Cevaplarınızı, cevap kâğıdının Türkçe Testi için ayrılan kısmına işaretleyiniz.",,,,,,,,TYT Matematik,Matematik,,,
Bu testte 40 soru vardır.,,,,,,,,TYT Matematik,Matematik,,,
Deyimlerin bir kısmı gözle ilgilidir. Örneğin gözü ısırmak deyimiyle o kişiyi daha önce görmüş,,,,,,,,TYT Matematik,Matematik,,,
"Cevaplarınızı, cevap kâğıdının Türkçe Testi için ayrılan kısmına işaretleyiniz.",,,,,,,,TYT Matematik,Matematik,,,
"I. İster ebeveyn isterse eğitimci olsun çoğu yetişkin,",,,,,,,,TYT Matematik,Matematik,,,
"Günümüzde yeni bir pencere açmak, eskinin boşluğuna dokunmakla mümkündür. Aşağıdakilerden hangisi bu cümleyle anlamca aynı doğrultudadır? var olur. keşfedilerek ortaya çıkar. kalıcı bir mirastır. uğratır. özümsemekle gerçekleşir. 2 Diğer sayfaya geçiniz. 2024-TYT/TÜR","Yeni fikirler, gelenekle kurulan sürekliliği kopararak var olur.","Özgün düşünceler, geçmişte önemsenmeyenler keşfedilerek ortaya çıkar.","Eskinin bıraktığı değerler, taşımakla yükümlü olunan kalıcı bir mirastır.","Çağdaş bakış açısı, zihindeki geleneksel kodları yıkıma uğratır.","Kendine yeni bir alan açmak, mevcut düşünceleri özümsemekle gerçekleşir. 2 Diğer sayfaya geçiniz. 2024-TYT/TÜR",,,TYT Matematik,Matematik,,,
"Kirli bir sokaktan geçipköşkün merdivenlerini tırmandım. geçen insanların ayak seslerini takip edenler, bir kalenin I oya gibi işlenmiş kapısı önünde bulurlar izlerini. İlk bakışta hepsi birbirine benzeyen kapıların arasında II Bu cümledeki ögelerin dizilişi aşağıdakilerin düz tahta kapıyı tanıdım. Çaldığım kapı açıldığında az hangisinde sırasıyla verilmiştir? evvel yaşadığım keşmekeşten eser kalmamıştı. Zevkli III döşenmiş bir evin odasında bulmuştum kendimi. IV Yemyeşil bahçeden taşan huzur, geniş pencerelerden ayaklarımın dibine doğru uzanıyordu. Bu parçada numaralanmış tamlamalardanhangisi, türü bakımından diğerlerinden farklıdır?",Özne - yüklem - belirtili nesne III döşenmiş bir evin odasında bulmuştum kendimi.,"Zarf tümleci - özne - belirtili nesne - yüklem IV Yemyeşil bahçeden taşan huzur, geniş pencerelerden",Özne - yer tamlayıcısı - yüklem - belirtili nesne ayaklarımın dibine doğru uzanıyordu.,"Zarf tümleci - belirtili nesne - yüklem - özne V Bu parçada numaralanmış tamlamalardanhangisi,",Belirtili nesne - yer tamlayıcısı - yüklem - özne türü bakımından diğerlerinden farklıdır? A) I B) II C)III D)IV E) V,,,TYT Matematik,Matematik,,,
Bu caddenin taşlarının üzerinden yüzyıllar boyunca,,,,,,,,TYT Matematik,Matematik,,,
"Aşağıdaki cümlelerin hangisinde büyük harflerin yerel pazara uğradım ve kahvaltılıklarımı alıp doğruca yazımıyla ilgili yanlışlık yapılmıştır? limandaki çay bahçesine yöneldim. (III) Balığa giden sandalları ve küçük tekneleri izlemek, Sinop’ta neler olup Millî Parkı bu yıl tekrar açıldı. bittiğini öğrenmek için bu çay bahçeleri en doğru adres. (IV) Yalı Kahvesi’nde denize nazır bir masaya yerleşip müşterilerinin adını, kahvesini yahut çayını nasıl içtiğini yanında etkinliklerle kutladı. bildiği rivayet edilen Mükremin’den bir çay da ben istedim. (V) Sinopluların hiçbir içeceği, soğuk tüketmeyi sevmediğini öğrendim Mükremin’in getirdiği sımsıcak fetih gerçekleşti. çayı yudumlarken. Bu parçada numaralanmış cümlelerden hangisi, tercih edildi. yükleminin türüne göre diğerlerinden farklıdır? hafta Ankara’da kabul etti. 3 Diğer sayfaya geçiniz. 2024-TYT/TÜR","Uzun süreden beri ziyarete kapalı olan Yozgat Çamlığı sandalları ve küçük tekneleri izlemek, Sinop’ta neler olup Millî Parkı bu yıl tekrar açıldı. bittiğini öğrenmek için bu çay bahçeleri en doğru adres. (IV) Yalı Kahvesi’nde denize nazır bir masaya yerleşip","Türkiye Cumhuriyeti, yüzüncü yılını ülkenin dört bir müşterilerinin adını, kahvesini yahut çayını nasıl içtiğini yanında etkinliklerle kutladı. bildiği rivayet edilen Mükremin’den bir çay da ben istedim. (V) Sinopluların hiçbir içeceği, soğuk tüketmeyi",Türk tarihi açısından 29 Mayıs 1453 Salı günü kutlu bir sevmediğini öğrendim Mükremin’in getirdiği sımsıcak fetih gerçekleşti. çayı yudumlarken.,"Kutlamalar için şehrin en güzel yeri olan Zafer Meydanı Bu parçada numaralanmış cümlelerden hangisi, tercih edildi. yükleminin türüne göre diğerlerinden farklıdır? A) I B) II C)III D)IV",V E) Yurt dışından gelen resmî heyeti bakan geçtiğimiz hafta Ankara’da kabul etti. 3 Diğer sayfaya geçiniz. 2024-TYT/TÜR,,,TYT Matematik,Matematik,,,
Birleşme sırasında kelimelerden her ikisi veya ikincisi,,,,,,,,TYT Matematik,Matematik,,,
"Bir şeyi denemenin risk olduğunu düşünmek büyük bir yanılgıdır. Hâlbuki denememek, risk almaktır. Çünkü Pascal’ın dediği gibi çabalarınız sonucunda “Kazanırsanız her şeyi kazanacak, kaybederseniz de",,,,,,,,TYT Matematik,Matematik,,,
"Her dönemin temelde iki tür davranışı vardır ( ) Bir hiçbir şey kaybetmeyeceksinizdir.”. Başka bir deyişle taraftan tanık olduğunu “saklamak” ( ) diğer taraftan deneyerek her durumda kazanacaksınız. Zaten ise geleceğe “aktarmak” ister ( ) İşte bunlar ( ) hangi cebinizde olmayan bir bilgi, bir duygu veya bir şansın en şartlar altında ( ) hangi duygularla yazılmış olursa olsun fazla nasıl olmayacağını görmüş olacaksınız. Edison’un üretilen edebî eserlerin muhatap aldığı iki eşik olarak her başarısız deney sonrasında dediği gibi “Nasıl beliriyor. yapacağınızı bulamamış ama nasıl yapamayacağınızı Bu parçada boş bırakılan yerlere sırasıyla aşağıdaki görmüş olacaksınız.”. noktalama işaretlerinden hangileri getirilmelidir? Bu parçada Edison’dan söz edilmesinin nedeni bulunduğunu göstermek güçlendirmek ikna etmek 4 Diğer sayfaya geçiniz. 2024-TYT/TÜR","(.) (,) (...) (;) (,) aşağıdakilerden hangisidir? A) Aktarılan düşünceleri, farklı bir bakış açısı sunarak","(:) (;) (.) (,) (;) kabul ettirmek","(:) (,) (.) (;) (,) B) Ortaya konan düşünceyle çelişen durumların da bulunduğunu göstermek","(.) (;) (...) (;) (,) C)Tartışmacı bir içerik oluşturup okurların metne olan","(:) (,) (.) (,) (;) ilgisini canlı tutmak D)Anlatılanlara somut bir örnek vererek anlatımı güçlendirmek E) Farklı düşünceleri karşılaştırarak okurları anlatılanlara ikna etmek 4 Diğer sayfaya geçiniz. 2024-TYT/TÜR",,,TYT Matematik,Matematik,,,
(I) Gaziantep’in tarihini anlayabilmek için gezilecek,,,,,,,,TYT Matematik,Matematik,,,
"(I) Modern tıbbın temelinde yer alan Hipokrat yemini, tıp biliminin etik prensiplerini yansıtır. (II) Hipokrat’ın belirler. benimsediği ilkelerden biri bugün de geçerliğini korur: İnsanların, akılcı açıklamaları olan “doğal” nedenler yüzünden hastalandığı. (III) Hâlbuki Hipokrat ve takipçilerinden önce Yunanistan’da ve ona komşu ülkelerde hastalıkların doğaüstü bir boyutu olduğu varsayılıyordu. (IV) Tanrılara karşı gelindiği veya doğaüstü güçleri olan biri tarafından büyü yapıldığı için hastalıkların ortaya çıktığı düşünülüyordu. (V) Hastalıklara doğaüstü güçler yol açabiliyorsa tedavi yöntemlerini de rahiplere veya büyücülere bırakmanın en iyi çözüm olacağı düşüncesine sahiplerdi. Bu parçada numaralanmış cümlelerden hangisi düşüncenin akışını bozmaktadır? 5 Diğer sayfaya geçiniz. 2024-TYT/TÜR",I,II,III,IV,"Edebiyatla uğraşmak kalabalıklara karşı takınılan tavrı tıp biliminin etik prensiplerini yansıtır. (II) Hipokrat’ın belirler. benimsediği ilkelerden biri bugün de geçerliğini korur: İnsanların, akılcı açıklamaları olan “doğal” nedenler yüzünden hastalandığı. (III) Hâlbuki Hipokrat ve takipçilerinden önce Yunanistan’da ve ona komşu ülkelerde hastalıkların doğaüstü bir boyutu olduğu varsayılıyordu. (IV) Tanrılara karşı gelindiği veya doğaüstü güçleri olan biri tarafından büyü yapıldığı için hastalıkların ortaya çıktığı düşünülüyordu. (V) Hastalıklara doğaüstü güçler yol açabiliyorsa tedavi yöntemlerini de rahiplere veya büyücülere bırakmanın en iyi çözüm olacağı düşüncesine sahiplerdi. Bu parçada numaralanmış cümlelerden hangisi düşüncenin akışını bozmaktadır? A) I B) II C)III D)IV E) V 5 Diğer sayfaya geçiniz. 2024-TYT/TÜR",,,TYT Matematik,Matematik,,,
"Bir yazar olarak uzun uzadıya irdelenmesi gerektiğini pek çok turistik ve kültürel mekân vardır. (II) Zeugma düşündüğüm taşra yalnızlığı diye bir kavram var. Bazen Mozaik Müzesi, şehri tanıyabilmek için mutlaka ziyaret çok ızdırap verici olsa da insanın kendisiyle baş başa edilmesi gereken durakların başında gelir. (III) 2011 kalabilmesi için oldukça faydalı bir yalnızlık bu. Kültürel yılında açılan yapı; mimari, teknolojik ve kültürel açıdan nispeten cılız ancak oldukça sevimli olan bu açıdan sadece şehrin değil dünyanın önde gelen şehirde ben, taşra yalnızlığını kurmacayla avantaja müzelerindendir. (IV) Zeugma şehrinden kalan eserlerin dönüştürmeye çabalayanlardanım. Bu hâl, beni kalem ve sergilendiği müzedeki buluntularla iki bin yıllık geçmişe kitaplarla dostluğa sevk ediyor. Ayrıca bu sınırlı alanda tanıklık edilebilir. (V) MÖ 300’de Büyük İskender’in oluşturduğum sonsuz kültür evreniyle merkezde “Selevkia Euphtrates” adıyla kurduğu yerleşim yeri, kurduğum yaşantıya bir alternatif bulduğuma Kommagene Krallığı’nın dört büyük şehrinden biridir. inanıyorum. (VI) Yaklaşık iki yüz elli yıl sonra Roma İmparatorluğu’na Aşağıdakilerden hangisi bu parçadaki düşünceyi bağlanan şehir, “köprü, geçit” anlamlarına gelen ve destekler niteliktedir? bugün müzeye de adını veren Zeugma olarak anılmaya başlanmıştır. bağımsız gelişir. Bu parça iki paragrafa ayrılmak istense ikinci paragraf numaralanmış cümlelerin hangisiyle başlar? gücünü besler. kurmasını sağlar. edebiyatla mümkün olur.",Edebiyatta yalnızlık duygusu zaman ve mekândan bağımsız gelişir. Bu parça iki paragrafa ayrılmak istense ikinci paragraf numaralanmış cümlelerin hangisiyle,"Yalnızlık, edebî eser yazma sürecinde kişinin hayal başlar? gücünü besler. A) II B) III",IV,V,"VI C)Edebî metinler, taşra ve merkezdeki kültürün yakınlık kurmasını sağlar. D)Mekânı ve kimi olumsuz duyguları aşabilmek edebiyatla mümkün olur.",,,TYT Matematik,Matematik,,,
Yaklaşık yedi milyon nüfusa sahip Hong Kong’da,,,,,,,,TYT Matematik,Matematik,,,
Bu testte 40 soru vardır.,,,,,,,,TYT Matematik,Matematik,,,
"Cevaplarınızı, cevap kâğıdının Türkçe Testi için ayrılan kısmına işaretleyiniz.",,,,,,,,TYT Matematik,Matematik,,,
"“Yazdıkların kime hitap ediyor?” sorusuna verilmiş net bir cevabım yok. Bir iyelik ekiyle “okurlarım” demeyi de faydalarına işaret ediyor (dikkat çekiyor). Açık doğrusu beni hiç okumamış olanlara bir saygısızlık I olarak değerlendiriyorum. Ancak yine de boşluğa alanlarda vakit geçirmenin ruh sağlığı üzerinde yazdığımı söyleyemiyorum. Bu parçanın yazarı, altı çizili sözle hangi özelliğine koruyucu (önleyici) bir etkisi olduğunu, bu durumun vurgu yapmaktadır? II aynı zamanda ruhsal direnci (dayanıklılığı) III ürettiğine artıracağını söylüyor. Araştırmacıların bulguları ışığında (kılavuzluğund IV doğayla temasın sağlanacağı unsurların bu planlara ayrıştırdığına dâhil edilmesinin (içine katılmasının) önemi V ortaya çıkıyor. geliştirmeye çalıştığına Bu parçada numaralanmış sözlerden hangisinin anlamı parantez ( ) içinde verilen açıklamayla amaçladığına uyuşmamaktadır?",Eserlerini zihninde tasarladığı bir kitleye yönelik olarak III ürettiğine artıracağını söylüyor. Araştırmacıların bulguları,Eserleriyle her düzeyde okur kitlesine seslenmeyi ışığında (kılavuzluğunda) planlamalar yapılırken öncelediğine IV doğayla temasın sağlanacağı unsurların bu planlara,Seçtiği temalarla mevcut ve potansiyel okurlarını ayrıştırdığına dâhil edilmesinin (içine katılmasının) önemi V,Sahiplendiği okurların duyarlılığını eserleriyle ortaya çıkıyor. geliştirmeye çalıştığına Bu parçada numaralanmış sözlerden hangisinin,Yazılarıyla bütün okurların beğenisini kazanmayı anlamı parantez ( ) içinde verilen açıklamayla amaçladığına uyuşmamaktadır? A) I B) II C)III D)IV E) V,,,TYT Matematik,Matematik,,,
Deyimlerin bir kısmı gözle ilgilidir. Örneğin gözü ısırmak deyimiyle o kişiyi daha önce görmüş,,,,,,,,TYT Matematik,Matematik,,,
"I. İster ebeveyn isterse eğitimci olsun çoğu yetişkin,",,,,,,,,TYT Matematik,Matematik,,,
"(I) Parlak mor çizgileriyle bir masal kitabına aitmiş gibi çocuğunun okuduğu her kitaptan “iyi, yararlı ve görünen bir balık türü; Tanzanya açıklarında, Hint gündelik hayattaki pratiklerini kolaylaştıracağı” bir Okyanusu’nun 80 metre derinliklerinde keşfedildi. şeyler öğrenmesini beklemektedir. (II) Cirrhilabrus wakanda denilen bu balık, ismini çizgi II. Toplumun bazı kesimlerinde edebî eserler; roman evreninin süper kahraman hikâyesi Kara -onların oluşum yöntemi, araç ve süreçlerinin Panter’den alıyor. (III) Araştırmacılar balığın göz alıcı bilincinde olunmadığından- kurgusal renklerinin, Kara Panter’in ülkesi olan Wakanda halkının olmayan eğitsel amaçlı kitaplarla aynı kefeye geleneksel elbiselerini andırdığını söylüyor. (IV) Söz konulmaktadır. konusu tür, dalma limitlerini zorlayan derinliklerde yaşadığı için bulunduğu mercan resifleri alaca karanlık Verilen I. cümleyle ilgili aşağıdakilerden hangisi bölgesi olarak adlandırılıyor. (V) Herkes tarafından söylenebilir? ulaşılamayacak bir derinlikte kendine yaşam alanı bulan yapmaktadır. Bu parçada numaralanmış cümlelerde söz edilen Cirrhilabrus wakanda ile ilgili aşağıdakilerden hangisi yanlıştır? bahsetmektedir. bulunmaktadır. yönüne değinilmiştir. bilgi sunmaktadır. edilmiştir. verilmiştir.","II. cümlede yer alan açıklamaya yönelik karşılaştırma bu tür, böylelikle neslinin sürekliliğini garanti altına alıyor. yapmaktadır. Bu parçada numaralanmış cümlelerde söz edilen Cirrhilabrus wakanda ile ilgili aşağıdakilerden","II. cümlede belirtilen durumun yol açtığı bir sonuçtan hangisi yanlıştır? bahsetmektedir. A) I. cümlede, öne çıkan fiziksel özelliğinden","II. cümlede ortaya konulan durum hakkında öngörüde bahsedilmiştir. bulunmaktadır. B) II. cümlede, adının esinlenildiği kaynaktan söz","II. cümlede verilen durumun koşulunu belirtmektedir. edilmiştir. C)III. cümlede, hikâyedeki halkın giysileriyle benzer","II. cümlede yapılan açıklamayı çürütmek için yeni bir yönüne değinilmiştir. bilgi sunmaktadır. D)IV. cümlede, yaşadığı bölgeyi seçme nedenleri ifade edilmiştir. E) V. cümlede, türlerinin devamlılığıyla ilgili bilgi verilmiştir.",,,TYT Matematik,Matematik,,,
"Günümüzde yeni bir pencere açmak, eskinin boşluğuna dokunmakla mümkündür. Aşağıdakilerden hangisi bu cümleyle anlamca aynı doğrultudadır? var olur. keşfedilerek ortaya çıkar. kalıcı bir mirastır. uğratır. özümsemekle gerçekleşir. 2 Diğer sayfaya geçiniz. 2024-TYT/TÜR","Yeni fikirler, gelenekle kurulan sürekliliği kopararak var olur.","Özgün düşünceler, geçmişte önemsenmeyenler keşfedilerek ortaya çıkar.","Eskinin bıraktığı değerler, taşımakla yükümlü olunan kalıcı bir mirastır.","Çağdaş bakış açısı, zihindeki geleneksel kodları yıkıma uğratır.","Kendine yeni bir alan açmak, mevcut düşünceleri özümsemekle gerçekleşir. 2 Diğer sayfaya geçiniz. 2024-TYT/TÜR",,,TYT Matematik,Matematik,,,
Bu caddenin taşlarının üzerinden yüzyıllar boyunca,,,,,,,,TYT Matematik,Matematik,,,
"(I) Yaz mevsiminin ilk günlerini ormanlarla, dağlarla ve denizle karşılamak için çevirdim rotamı Sinop’a. (II) Şehir merkezine gider gitmez, methini önceden duyduğum",,,,,,,,TYT Matematik,Matematik,,,
"Kirli bir sokaktan geçipköşkün merdivenlerini tırmandım. geçen insanların ayak seslerini takip edenler, bir kalenin I oya gibi işlenmiş kapısı önünde bulurlar izlerini. İlk bakışta hepsi birbirine benzeyen kapıların arasında II Bu cümledeki ögelerin dizilişi aşağıdakilerin düz tahta kapıyı tanıdım. Çaldığım kapı açıldığında az hangisinde sırasıyla verilmiştir? evvel yaşadığım keşmekeşten eser kalmamıştı. Zevkli III döşenmiş bir evin odasında bulmuştum kendimi. IV Yemyeşil bahçeden taşan huzur, geniş pencerelerden ayaklarımın dibine doğru uzanıyordu. Bu parçada numaralanmış tamlamalardanhangisi, türü bakımından diğerlerinden farklıdır?",Özne - yüklem - belirtili nesne III döşenmiş bir evin odasında bulmuştum kendimi.,"Zarf tümleci - özne - belirtili nesne - yüklem IV Yemyeşil bahçeden taşan huzur, geniş pencerelerden",Özne - yer tamlayıcısı - yüklem - belirtili nesne ayaklarımın dibine doğru uzanıyordu.,"Zarf tümleci - belirtili nesne - yüklem - özne V Bu parçada numaralanmış tamlamalardanhangisi,",Belirtili nesne - yer tamlayıcısı - yüklem - özne türü bakımından diğerlerinden farklıdır? A) I B) II C)III D)IV E) V,,,TYT Matematik,Matematik,,,
"Aşağıdaki cümlelerin hangisinde büyük harflerin yerel pazara uğradım ve kahvaltılıklarımı alıp doğruca yazımıyla ilgili yanlışlık yapılmıştır? limandaki çay bahçesine yöneldim. (III) Balığa giden sandalları ve küçük tekneleri izlemek, Sinop’ta neler olup Millî Parkı bu yıl tekrar açıldı. bittiğini öğrenmek için bu çay bahçeleri en doğru adres. (IV) Yalı Kahvesi’nde denize nazır bir masaya yerleşip müşterilerinin adını, kahvesini yahut çayını nasıl içtiğini yanında etkinliklerle kutladı. bildiği rivayet edilen Mükremin’den bir çay da ben istedim. (V) Sinopluların hiçbir içeceği, soğuk tüketmeyi sevmediğini öğrendim Mükremin’in getirdiği sımsıcak fetih gerçekleşti. çayı yudumlarken. Bu parçada numaralanmış cümlelerden hangisi, tercih edildi. yükleminin türüne göre diğerlerinden farklıdır? hafta Ankara’da kabul etti. 3 Diğer sayfaya geçiniz. 2024-TYT/TÜR","Uzun süreden beri ziyarete kapalı olan Yozgat Çamlığı sandalları ve küçük tekneleri izlemek, Sinop’ta neler olup Millî Parkı bu yıl tekrar açıldı. bittiğini öğrenmek için bu çay bahçeleri en doğru adres. (IV) Yalı Kahvesi’nde denize nazır bir masaya yerleşip","Türkiye Cumhuriyeti, yüzüncü yılını ülkenin dört bir müşterilerinin adını, kahvesini yahut çayını nasıl içtiğini yanında etkinliklerle kutladı. bildiği rivayet edilen Mükremin’den bir çay da ben istedim. (V) Sinopluların hiçbir içeceği, soğuk tüketmeyi",Türk tarihi açısından 29 Mayıs 1453 Salı günü kutlu bir sevmediğini öğrendim Mükremin’in getirdiği sımsıcak fetih gerçekleşti. çayı yudumlarken.,"Kutlamalar için şehrin en güzel yeri olan Zafer Meydanı Bu parçada numaralanmış cümlelerden hangisi, tercih edildi. yükleminin türüne göre diğerlerinden farklıdır? A) I B) II C)III D)IV",V E) Yurt dışından gelen resmî heyeti bakan geçtiğimiz hafta Ankara’da kabul etti. 3 Diğer sayfaya geçiniz. 2024-TYT/TÜR,,,TYT Matematik,Matematik,,,
Birleşme sırasında kelimelerden her ikisi veya ikincisi,,,,,,,,TYT Matematik,Matematik,,,
"Her dönemin temelde iki tür davranışı vardır ( ) Bir hiçbir şey kaybetmeyeceksinizdir.”. Başka bir deyişle taraftan tanık olduğunu “saklamak” ( ) diğer taraftan deneyerek her durumda kazanacaksınız. Zaten ise geleceğe “aktarmak” ister ( ) İşte bunlar ( ) hangi cebinizde olmayan bir bilgi, bir duygu veya bir şansın en şartlar altında ( ) hangi duygularla yazılmış olursa olsun fazla nasıl olmayacağını görmüş olacaksınız. Edison’un üretilen edebî eserlerin muhatap aldığı iki eşik olarak her başarısız deney sonrasında dediği gibi “Nasıl beliriyor. yapacağınızı bulamamış ama nasıl yapamayacağınızı Bu parçada boş bırakılan yerlere sırasıyla aşağıdaki görmüş olacaksınız.”. noktalama işaretlerinden hangileri getirilmelidir? Bu parçada Edison’dan söz edilmesinin nedeni bulunduğunu göstermek güçlendirmek ikna etmek 4 Diğer sayfaya geçiniz. 2024-TYT/TÜR","(.) (,) (...) (;) (,) aşağıdakilerden hangisidir? A) Aktarılan düşünceleri, farklı bir bakış açısı sunarak","(:) (;) (.) (,) (;) kabul ettirmek","(:) (,) (.) (;) (,) B) Ortaya konan düşünceyle çelişen durumların da bulunduğunu göstermek","(.) (;) (...) (;) (,) C)Tartışmacı bir içerik oluşturup okurların metne olan","(:) (,) (.) (,) (;) ilgisini canlı tutmak D)Anlatılanlara somut bir örnek vererek anlatımı güçlendirmek E) Farklı düşünceleri karşılaştırarak okurları anlatılanlara ikna etmek 4 Diğer sayfaya geçiniz. 2024-TYT/TÜR",,,TYT Matematik,Matematik,,,
"(I) Yıldırım Bayezid; kuşatılmış Niğbolu Kalesi’nden anlam değişmesine uğradığında bu tür birleşik kelimeler haber almak, düşmanın asker sayısını öğrenmek bitişik yazılır. niyetiyle Evrenos Bey’i kaleye yolladı. (II) Fakat Evrenos Bey ne düşmandan esir, ne de içeriden haber alabildi. Buna göre aşağıdaki cümlelerin hangisinde (III) Yıldırım’ın buna canı sıkıldı, uykuları kaçtı ve gece yazım yanlışı yapılmıştır? kimseye haber vermeden atına binip hızla kaleye gitti. tüketilen tatlıların başında bülbülyuvası ve kadayıf gelir. bir sesle “Bre Doğan! Bre Doğan! Hâliniz nicedir?” diye bağırdı. (V) Zaten kale duvarının üzerinde bulunan meyvelerin pazar tezgâhlarını süslediği zamanlardır. Hünkârım! Her taraf muhkem, muhafızlar gece gündüz uyanık, yeteri kadar zahirem mevcut.” diye karşılık verdi. Bu parçada numaralanmış cümlelerin hangisinde ütüleyerek ertesi gün giymek üzere hazırladı. virgül kullanımında yanlışlık yapılmıştır? annemden ve benden en çok dinlediği masaldır. uzaklardan bile ayırt edilebiliyordu.","Sıcak yaz günlerinde dondurmanın yanında çokça (IV) Yüksek bir yere çıktı, biraz soluklanıp gök gürler gibi tüketilen tatlıların başında bülbülyuvası ve kadayıf gelir. bir sesle “Bre Doğan! Bre Doğan! Hâliniz nicedir?” diye bağırdı. (V) Zaten kale duvarının üzerinde bulunan","Ekim ve kasım ayları elma, nar, ayva ve beşbıyık gibi Doğan Bey, onun sesini duyunca “Merak buyurmayın meyvelerin pazar tezgâhlarını süslediği zamanlardır. Hünkârım! Her taraf muhkem, muhafızlar gece gündüz uyanık, yeteri kadar zahirem mevcut.” diye karşılık verdi.","Çok sevdiği kavuniçi elbisesini dolaptan özenle çıkardı, Bu parçada numaralanmış cümlelerin hangisinde ütüleyerek ertesi gün giymek üzere hazırladı. virgül kullanımında yanlışlık yapılmıştır?","Cırcırböceği ile karıncanın macerası, kardeşimin A) I B) II C)III D)IV",V annemden ve benden en çok dinlediği masaldır. E) Narçiçeği rengindeki şapkasıyla kalabalık içinde çok uzaklardan bile ayırt edilebiliyordu.,,,TYT Matematik,Matematik,,,
"Bir şeyi denemenin risk olduğunu düşünmek büyük bir yanılgıdır. Hâlbuki denememek, risk almaktır. Çünkü Pascal’ın dediği gibi çabalarınız sonucunda “Kazanırsanız her şeyi kazanacak, kaybederseniz de",,,,,,,,TYT Matematik,Matematik,,,
(I) Gaziantep’in tarihini anlayabilmek için gezilecek,,,,,,,,TYT Matematik,Matematik,,,
"(I) Modern tıbbın temelinde yer alan Hipokrat yemini, tıp biliminin etik prensiplerini yansıtır. (II) Hipokrat’ın belirler. benimsediği ilkelerden biri bugün de geçerliğini korur: İnsanların, akılcı açıklamaları olan “doğal” nedenler yüzünden hastalandığı. (III) Hâlbuki Hipokrat ve takipçilerinden önce Yunanistan’da ve ona komşu ülkelerde hastalıkların doğaüstü bir boyutu olduğu varsayılıyordu. (IV) Tanrılara karşı gelindiği veya doğaüstü güçleri olan biri tarafından büyü yapıldığı için hastalıkların ortaya çıktığı düşünülüyordu. (V) Hastalıklara doğaüstü güçler yol açabiliyorsa tedavi yöntemlerini de rahiplere veya büyücülere bırakmanın en iyi çözüm olacağı düşüncesine sahiplerdi. Bu parçada numaralanmış cümlelerden hangisi düşüncenin akışını bozmaktadır? 5 Diğer sayfaya geçiniz. 2024-TYT/TÜR",I,II,III,IV,"Edebiyatla uğraşmak kalabalıklara karşı takınılan tavrı tıp biliminin etik prensiplerini yansıtır. (II) Hipokrat’ın belirler. benimsediği ilkelerden biri bugün de geçerliğini korur: İnsanların, akılcı açıklamaları olan “doğal” nedenler yüzünden hastalandığı. (III) Hâlbuki Hipokrat ve takipçilerinden önce Yunanistan’da ve ona komşu ülkelerde hastalıkların doğaüstü bir boyutu olduğu varsayılıyordu. (IV) Tanrılara karşı gelindiği veya doğaüstü güçleri olan biri tarafından büyü yapıldığı için hastalıkların ortaya çıktığı düşünülüyordu. (V) Hastalıklara doğaüstü güçler yol açabiliyorsa tedavi yöntemlerini de rahiplere veya büyücülere bırakmanın en iyi çözüm olacağı düşüncesine sahiplerdi. Bu parçada numaralanmış cümlelerden hangisi düşüncenin akışını bozmaktadır? A) I B) II C)III D)IV E) V 5 Diğer sayfaya geçiniz. 2024-TYT/TÜR",,,TYT Matematik,Matematik,,,
"Bir yazar olarak uzun uzadıya irdelenmesi gerektiğini pek çok turistik ve kültürel mekân vardır. (II) Zeugma düşündüğüm taşra yalnızlığı diye bir kavram var. Bazen Mozaik Müzesi, şehri tanıyabilmek için mutlaka ziyaret çok ızdırap verici olsa da insanın kendisiyle baş başa edilmesi gereken durakların başında gelir. (III) 2011 kalabilmesi için oldukça faydalı bir yalnızlık bu. Kültürel yılında açılan yapı; mimari, teknolojik ve kültürel açıdan nispeten cılız ancak oldukça sevimli olan bu açıdan sadece şehrin değil dünyanın önde gelen şehirde ben, taşra yalnızlığını kurmacayla avantaja müzelerindendir. (IV) Zeugma şehrinden kalan eserlerin dönüştürmeye çabalayanlardanım. Bu hâl, beni kalem ve sergilendiği müzedeki buluntularla iki bin yıllık geçmişe kitaplarla dostluğa sevk ediyor. Ayrıca bu sınırlı alanda tanıklık edilebilir. (V) MÖ 300’de Büyük İskender’in oluşturduğum sonsuz kültür evreniyle merkezde “Selevkia Euphtrates” adıyla kurduğu yerleşim yeri, kurduğum yaşantıya bir alternatif bulduğuma Kommagene Krallığı’nın dört büyük şehrinden biridir. inanıyorum. (VI) Yaklaşık iki yüz elli yıl sonra Roma İmparatorluğu’na Aşağıdakilerden hangisi bu parçadaki düşünceyi bağlanan şehir, “köprü, geçit” anlamlarına gelen ve destekler niteliktedir? bugün müzeye de adını veren Zeugma olarak anılmaya başlanmıştır. bağımsız gelişir. Bu parça iki paragrafa ayrılmak istense ikinci paragraf numaralanmış cümlelerin hangisiyle başlar? gücünü besler. kurmasını sağlar. edebiyatla mümkün olur.",Edebiyatta yalnızlık duygusu zaman ve mekândan bağımsız gelişir. Bu parça iki paragrafa ayrılmak istense ikinci paragraf numaralanmış cümlelerin hangisiyle,"Yalnızlık, edebî eser yazma sürecinde kişinin hayal başlar? gücünü besler. A) II B) III",IV,V,"VI C)Edebî metinler, taşra ve merkezdeki kültürün yakınlık kurmasını sağlar. D)Mekânı ve kimi olumsuz duyguları aşabilmek edebiyatla mümkün olur.",,,TYT Matematik,Matematik,,,
Yaklaşık yedi milyon nüfusa sahip Hong Kong’da,,,,,,,,TYT Matematik,Matematik,,,
"Modern fiziğe göre atom altı düzeyde madde; belirli yerlerde kesin bir biçimde var olmaz, “var olma eğilimi”",,,,,,,,TYT Matematik,Matematik,,,
"Sherlock Homeless ile Nasıl Tanıştım? kelime yılda iki binden fazla yaya, trafik kazası geçiriyor. oyunlarıyla dolu bir eser. Kitap daha en başta ismiyle Bu oran, akıllı telefonların kullanılmasına bağlı olarak bile okuru bir oyunun içine çekiyor. Kitaba ilk göz gün geçtikçe artıyor çünkü insanlar karşıdan karşıya attığımda dedektif Sherlock Holmes’u okuyacağımı geçerken telefonlarına bakmaya devam ediyor. düşündüm. Tabii kitabın ismini yanlış okuduğumu Bu duruma çare arayan yetkililer, çözümü yaya sayfaları karıştırdıktan sonra fark ettim. Oysaki ben, geçitlerindeki işaret sistemini değiştirmekte buldu. Holmes’u değil “evsiz” anlamına gelen “Homeless”ı Tasarlanan bu sistemde yaya geçiş ışıkları zemine okuyacaktım. Yazar, kitabındaki on bir öyküsünde yansıtılıyor. Böylece karşıdan karşıya geçmek isteyen bilindik ifadelere ufak dokunuşlar yaparak, bunları farklı yayalar, kendileri için yeşil mi yoksa kırmızı mı yandığını anlamlara dönüştürerek okurundan uyanık ve özenli bir anlıyor. Henüz deneme aşamasındaki sistemin başarılı ikinci bakış bekliyor. Bu kelime oyunlarında yazarın olması durumunda ülke genelinde yaygınlık kazanacağı “İs bırakanlar unutulmaz.” ve “Ezberimde gül oya.” bekleniyor. şeklindeki cümlelerde olduğu gibi bazen bir kelime bazen de sadece bir harf değiştirmesi yeterli oluyor. Bu parçada söz edilen sistemin geliştirilme amacı aşağıdakilerden hangisidir? Bu parçada söz edilen yazarla ilgili aşağıdakilerin hangisine değinilmemiştir? bir trafik ortamı sunmak kullanımına telefonlarına bakmalarının önüne geçmek koyduğuna kurallarını takip etmelerini sağlamak sınırlamadığına akıllı telefonlardan yararlanmak odaklanmaya davet ettiğine yayaları bilinçlendirmek kullandığına",Akıllı telefon teknolojisi aracılığıyla yayalara güvenli bir trafik ortamı sunmak A) Bir dilsel unsur olarak söz oyunlarının öykülerindeki kullanımına,"Yayaların, karşıdan karşıya geçerken akıllı telefonlarına bakmalarının önüne geçmek B) Öykü kitabına okurun ilgisini çekecek biçimde bir başlık koyduğuna","Yayaların, akıllı telefonlarını kullanırken trafik kurallarını takip etmelerini sağlamak C)Kendine özgü anlatımını kitabındaki tek bir öyküyle sınırlamadığına",Yayaların karıştığı kazaların nedenlerini bulmak için akıllı telefonlardan yararlanmak D)Okurunu sözcüklere hatta harflere dikkatle odaklanmaya davet ettiğine,Akıllı telefon kullanımının kazaya neden olduğuna dair yayaları bilinçlendirmek E) Öykülerinde yerel kültürü yansıtan sözel anlatı kalıpları kullandığına,,,TYT Matematik,Matematik,,,
"MÖ V. yüzyılın sonlarında resimleriyle ünlenmiş Zeuxis, gösterir. Benzer şekilde atomik olaylar da belirli elinde üzüm tutan bir çocuğun resmini yapmış. Üzümler zamanlarda ve şekillerde nihai bir biçimde oluşmaz, öylesine gerçek gibi duruyormuş ki kuşlar gelip yemeye sadece “oluşma eğilimi” içindedir. Dolayısıyla atom altı kalkışmış. Bundan dolayı övüldüğü zaman Zeuxis, parçacıkların kendi başlarına hiçbir anlamı yoktur. ----. üzülerek “Çocuğun resmini daha iyi yapabilseydim kuşlar Çünkü atom altı parçacıklar “şeyler” değil “şeyler ondan korkardı.” demiş. arasındaki bağlantılar”dır. Aşağıdakilerden hangisi bu parçadaki düşünceyi Bu parçada boş bırakılan yere aşağıdakilerden destekler niteliktedir? hangisi getirilmelidir? yüklendiği özel işlevlere göre gerçekleşir çağdaş fizik bize evrenin bir bütün olduğunu anlatır bakımından ayrılır. süreçlerle olan ilişkileri içinde bir anlam kazanır biçimiyle değerlendirilir. atom altı düzey, maddenin varlığına bağımlıdır kalıcılığa erişir. yoluyla incelendiğinde maddenin varlığı kanıtlanır 6 Diğer sayfaya geçiniz. 2024-TYT/TÜR","Sanat eseri, doğada var olanı benzersiz kıldığı ölçüde A) Fakat atomik olayların oluşması atom altı parçacıkların değerli kabul edilir. yüklendiği özel işlevlere göre gerçekleşir","Sanatçı, doğayı gerçekçi bir biçimde yansıtabildiği B) Oysa atom altı parçacıkların işleyişi bağlamında oranda başarılıdır. çağdaş fizik bize evrenin bir bütün olduğunu anlatır","Resim sanatı, diğer sanatlardan gerçekçiliği ele alışı bakımından ayrılır. C)Ancak gözlemlenebilir ve ölçülebilir nitelikteki süreçlerle olan ilişkileri içinde bir anlam kazanır","Sanatçının özgünlüğü, temel aldığı konuyu işleyiş biçimiyle değerlendirilir. D)Kaldı ki zaman ve mekândan bağımsız olamayan atom altı düzey, maddenin varlığına bağımlıdır","Sanat eseri, insanın temel özelliklerini içerdiğinde kalıcılığa erişir. E) Ne var ki atom altı parçacıklar, somutlaştırmalar yoluyla incelendiğinde maddenin varlığı kanıtlanır 6 Diğer sayfaya geçiniz. 2024-TYT/TÜR",,,TYT Matematik,Matematik,,,
Biz fark etsek de etmesek de yapay zekâ artık,,,,,,,,TYT Matematik,Matematik,,,
"Gerilimi psikolojik ögelerle kuran yönetmenin filmlerindeki ana temalar suç ve korkudur. Gerilim unsurlarını filmin karakterleri üzerinden inşa ederek olay örgüsünün onların etrafında gelişmesini sağlar. Seyircinin, filmi uzaktan izlemesine müsaade etmeyerek onu filmin içine davet eder. Böylece başına gelecekleri bilmeyen karakterlerin yanında seyircinin yer almasını ve olay örgüsünün girdabına kapılmasını sağlar. Bu parçadan yönetmenin filmleriyle ilgili aşağıdakilerin hangisine ulaşılabilir? artırır. tutar. 7 Diğer sayfaya geçiniz. 2024-TYT/TÜR",Seyircinin karakterlerle özdeşim kurmasını amaçlar.,Karakterleri psikolojik çözümlemelerle birlikte sunar.,Gerilim unsurlarını çeşitlendirerek seyirci kitlesini artırır.,Kurgusunu karakterlerin yaşadığı çatışmalardan alır.,Konusunun karmaşıklığı ile seyircide heyecanı canlı tutar. 7 Diğer sayfaya geçiniz. 2024-TYT/TÜR,,,TYT Matematik,Matematik,,,
"Yazarın en büyük başarılarından biri eserlerinde hayatımızın bir parçası. Bu teknoloji sayesinde kendi üçüncüşahıs anlatımı kullanmasıdır. Burada anlatıcı; kendine park eden otomobillere, akıllı sensörlerin karakterlerinbütün zihinsel durumlarını, yaşadıklarını, yardımıyla çekilen muhteşem fotoğraflara kavuştuk. yönelimlerini bilmekte ve okura anlatmaktadır. Böylelikle Benzer şekilde eğitimde de yapay zekânın etkisi gün anlatıcı, duygu ve düşüncelerini karakterlerin de okurun geçtikçe daha çok hissediliyor ve geleneksel yöntemler da yüzüne açıkça dile getirebilmektedir. Geçmiş, şimdi büyük ölçüde farklılaşıyor. Eğitimciler, psikologlar ve ve geleceğin iç içe olduğu üçüncü şahıs anlatım, birinci ebeveynler arasında çocuklarımız için doğru ekran tekil şahsın imkânlarını da kullanarak her yönüyle hâkim süresi hakkında tartışmalar sürerken eğitimin şeklini ve bir bakış sunar. Böylece okur, karakterlerin hayatlarına geleceğini değiştiren yapay zekâ; dünyanın önde gelen ve akıllarından geçirdiklerine tanıklık edebilmektedir. ülkelerinde oyunun kurallarını belirlemeye başladı bile. Bu parçada söz edilen anlatıcıylailgili aşağıdakilerin Konuyla ilgili raporlara baktığımızda yapay zekânın hangisi söylenebilir? eğitimdeki yerinin yakın gelecekte çok büyük oranlara ulaşacağı görülüyor. müdahale eder. Bu parçada yapay zekâyla ilgili aşağıdakilerin hangisine değinilmiştir? ele alır. olduğuna başarıya ulaştırır. sağladığına odaklanmasını hedefler. yol açtığına",Kendi duygularından yola çıkarak olayların akışına müdahale eder. Bu parçada yapay zekâyla ilgili aşağıdakilerin hangisine değinilmiştir?,Kapsayıcı bakış açısıyla esere dâhil olarak anlatıyı A) Bazı sektörlerde insana bağımlılığı azaltacağına okura aktarır. B) Eğitim alanında daha fazla gelişim gösterdiğine,İç çatışmalara yer vererek karakterleri tüm boyutlarıyla ele alır. C)Çocukların gelişimi üzerinde olumsuz etkilerinin olduğuna,Kişilerin bilinmeyen yönlerini ortaya çıkararak eseri başarıya ulaştırır. D)Eğitimde kullanımının öğrenci başarısına katkı sağladığına,Karakterleri arka planda tutarak okurun olaya odaklanmasını hedefler. E) Eğitimde alışılagelmiş anlayışlarda değişikliğe yol açtığına,,,TYT Matematik,Matematik,,,
İzmir dokuma imalatı; XVI ve XVII. yüzyıllarda pamuk,,,,,,,,TYT Matematik,Matematik,,,
"Özgünlük genellikle insanın kendisi olmasını içeren bir ipliği, pamuklu dokuma, çarşaf, gömlek ve keten bezi durum olarak görülür. Peki, özgünlük değişimi engelliyor üretimiyle ön plana çıkmıştır. XIX. yüzyıla kadar bu ve herkesi yerinde saymaya teşvik ediyorsa... İşte bunu ürünlerin geleneksel tarzda üretimi yapılmıştır. Zamanla sorgulamamız gerekir. İnsan, bazen amaçlarına ulaşmak şehrin kalabalıklaşması ve ticaret hacminin artması, seri için bir süreliğine maske takmak zorunda kalabilir. üretimin yapıldığı fabrikalaşmaya doğru ilk adımların Benzer şekilde özgünlük de insanları olduğu gibi atılmasını da beraberinde getirmiştir. Pamuk fabrikasının kalmaya ve başka perspektiflerden fikirleri görmezden açılması, boyahane ve basmahanelerin kurulması bu gelmeye itebilir. Bu bakımdan insanın benliğine olduğu adımlardandır. Ayrıca XIX. yüzyıla ait haritalarda hâliyle sadık kalmasının, dönüşebileceği her şeyden Boyahane Deresi’nin etrafında kümelenmiş yapıların kendini soyutlamasıyla eş değer olduğu söylenebilir. yer alması, şehirdeki tekstil ürünü boyamacılığının dere Bu parçadan aşağıdakilerin hangisine ulaşılabilir? etrafında yaygın olduğunu gösteren önemli bir kanıttır. Boyahanelerde bitkisel boyalar üretilmiş; “alizarin” veya “Türk kırmızısı” olarak bilinen kırmızı boya, kumaş özgünlüğünü kaybedebilir. boyamada ve halı dokumacılığında kullanılmıştır. Bu parçaya göre İzmir dokuma imalatıyla ilgili amaçlarına ulaşabilir. aşağıdakilerden hangisi söylenebilir? sınırlandırmıştır. birey başarılı olabilir. geçiş sağlanmıştır. vermesi onu tutarsızlaştırır. bölgesinde yoğunlaşmıştır. kapalı bir hâle getirebilir. teknik kullanılmıştır. ilham kaynağı olmuştur. 8 Diğer sayfaya geçiniz. 2024-TYT/TÜR","Kişi, istemediği bir davranışı yapmaya zorlandığında “Türk kırmızısı” olarak bilinen kırmızı boya, kumaş özgünlüğünü kaybedebilir. boyamada ve halı dokumacılığında kullanılmıştır.","Özgünlüğünden vazgeçmeye gönüllü olan insan, Bu parçaya göre İzmir dokuma imalatıyla ilgili amaçlarına ulaşabilir. aşağıdakilerden hangisi söylenebilir? A) Geleneksel üretim metotları şehirdeki ticaret hacmini",Doğru olduğuna inandığı şeyi kendi isteğiyle yapan sınırlandırmıştır. birey başarılı olabilir. B) Şehir nüfusunun artmasıyla birlikte fabrikasyon üretime,İnsanın istekleri doğrultusunda kişiliğinden ödün geçiş sağlanmıştır. vermesi onu tutarsızlaştırır. C)Dokuma kumaşlarının üretimi şehrin belli bir,"İnsanın özgün olma uğruna yaptıkları, onu değişime bölgesinde yoğunlaşmıştır. kapalı bir hâle getirebilir. D)Farklı kumaş türlerinin üretimi sırasında birden fazla teknik kullanılmıştır. E) Oluşturduğu modelle farklı sektörlerin gelişmesine ilham kaynağı olmuştur. 8 Diğer sayfaya geçiniz. 2024-TYT/TÜR",,,TYT Matematik,Matematik,,,
Terimler dışında her sözcüğün bir anlam evreni vardır.,,,,,,,,TYT Matematik,Matematik,,,
"İnsanlar her adımını bir seçeneğe bağlar: başarı ya da hangisine değinilmemiştir? başarısızlık, zafer ya da bozgun. Bense bu seçeneklere hep mesafeli durmuşumdur. Çünkü başarmak ya da başarısızlığa uğramanın ancak durumsal, geçici anlamlar taşıdığına inanırım. Bu yüzden bana sürekli bir yarış pistinde olduğumu hissettiren ve her ne olursa olsun üretme ve hayata devam etme gücümü azaltan bu düşünme biçimini reddeder, akışına göre yaşamaya çalışırım. Bu parçanın yazarıyla ilgili aşağıdakilerden hangisi söylenemez? gösterir. çalışır. görür. önceler. 9 Diğer sayfaya geçiniz. 2024-TYT/TÜR","İçeriğinde hangi tür malzemelerin kullanıldığına hep mesafeli durmuşumdur. Çünkü başarmak ya da başarısızlığa uğramanın ancak durumsal, geçici",Üretiminde teknolojik gelişmelerden de yararlanıldığına anlamlar taşıdığına inanırım. Bu yüzden bana sürekli bir yarış pistinde olduğumu hissettiren ve her ne olursa olsun üretme ve hayata devam etme gücümü azaltan,"Ekonomik olarak erişilmesinin kolay olduğuna bu düşünme biçimini reddeder, akışına göre yaşamaya çalışırım.",Çeşitli dönemlerde farklı mekânlarda satıldığına Bu parçanın yazarıyla ilgili aşağıdakilerden hangisi,Yemek kültüründeki yerini korumaya devam ettiğine söylenemez? A) Başkalarının doğrularına göre yaşamaktan kaçınır. B) Kalıplara girmeden olduğu gibi yaşamaya özen gösterir. C)Olumsuz sonuçlanabilecek girişimlerden uzak durmaya çalışır. D)Yaşamı koşullara göre şekillenen bir deneyim olarak görür. E) İlerlemek için kaygı verici durumlardan kaçınmayı önceler. 9 Diğer sayfaya geçiniz. 2024-TYT/TÜR,,,TYT Matematik,Matematik,,,
"Sanat ve edebiyat üzerine yazılmış ilk eser, Aristoteles’in Terimler, kullanımla yeni anlamlar kazanmayan ve Poetika’sıdır. Bu eserde edebiyat ve eleştiri biliminin algılanmaları kişiden kişiye değişmeyen nesnel temelleri atılmıştır. Eserin sanat ve edebiyat üzerine sözcüklerdir. Oysa kendine özgü bir evren kuran ortaya koyduğu tanım, tasnif ve ilkeler; olduğu gibi sözcükler, anlamsal ve duygusal açıdan sürekli yüzyıllarca benimsenmiş ve temel bilgiler olarak gelişime ve değişime açıktır. Yeni anlamlar yüklenmeye kabul edilmiştir. Eserde öne sürülen fikirler; günümüz yatkınlıkları vardır. Hatta bu sözcükler, kişiye özgü dünyasında bile araştırmacılar için hareket noktası duygusal ve çağrışımsal anlamlar da kazanabilir. oluşturmakta, tanımlanan kavramlar tartışılmaktadır. Örneğin aynı sözcük bazı insanlarda neşe ve iyimserlik, Bu eser, âdeta kendisinden sonraki edebiyat ve eleştiri bazılarında ise hüzün ve karamsarlık duyguları araştırmalarının programını hazırlamış gibidir. uyandırabilir. Kuşkusuz sözcüklerin bu izlenimsel Bu parçada söz edilen eserin özellikleri arasında anlamları, göreceli bir nitelik taşıdığından bu yönleri aşağıdakilerden hangisi gösterilemez? sözcük ve kavramları açıklayan kaynaklarda yer almaz. Bu parçadan aşağıdakilerin hangisine ulaşılamaz? kullanıldıkça yeni anlamlar kazanır. kişiden kişiye değişiklik gösterir.",Etkileyiciliği,Kalıcılığı,Güncelliği Bu parçadan aşağıdakilerin hangisine ulaşılamaz?,Öncülüğü,"Tutarlılığı A) Bir dile ait sözcükler, o dilin konuşurları tarafından kullanıldıkça yeni anlamlar kazanır. B) Bazı sözcüklerin çağrışımla uyandırdığı duygusal etki, kişiden kişiye değişiklik gösterir.",,,TYT Matematik,Matematik,,,
"Dondurma, XIX. yüzyıldan bu yana keyifle tükettiğimiz yiyeceklerdendir. 1800’lerin başında Anadolu’da süt anlamlandırmaya uygun değildir. ve meyvenin karıştırılmasıyla yapılan dondurma, yüzyılın ortalarına doğru bir sokak lezzetine dönüşür. Osmanlı İstanbul’unda ilk olarak seyyar satıcılarla karşımıza çıkan kullanıldıkça yeni çağrışımlar kazanır. dondurmanın bu şekilde satılması XX. yüzyılın ilk çeyreğine kadar sürer. 1930’lara gelindiğinde ise muhallebicilerde ve pastanelerde satılmaya başlar. sözlüklerde bulunması mümkün değildir. Sonraları ise sanayileşmenin etkisiyle dondurma yapımında elektrikli aletler kullanılır. Böylelikle dondurma, türlü değişimlere ayak uydurarak Türk mutfağındaki değerini korur. Bu parçada dondurmayla ilgili aşağıdakilerin",,,"Bilimsel kavramlar, anlam genişlemesi ve yeniden yiyeceklerdendir. 1800’lerin başında Anadolu’da süt anlamlandırmaya uygun değildir. ve meyvenin karıştırılmasıyla yapılan dondurma, yüzyılın ortalarına doğru bir sokak lezzetine dönüşür. Osmanlı","Kimi sözcükler, sözlük anlamlarının dışında İstanbul’unda ilk olarak seyyar satıcılarla karşımıza çıkan kullanıldıkça yeni çağrışımlar kazanır. dondurmanın bu şekilde satılması XX. yüzyılın ilk çeyreğine kadar sürer. 1930’lara gelindiğinde ise","Sözcüklere yüklenen bazı kişisel anlamların, muhallebicilerde ve pastanelerde satılmaya başlar. sözlüklerde bulunması mümkün değildir. Sonraları ise sanayileşmenin etkisiyle dondurma yapımında elektrikli aletler kullanılır. Böylelikle dondurma, türlü değişimlere ayak uydurarak Türk mutfağındaki değerini korur. Bu parçada dondurmayla ilgili aşağıdakilerin",,,TYT Matematik,Matematik,,,
"Günlükler, bir yaşama dair en mahrem ve saygın",,,,,,,,TYT Matematik,Matematik,,,
"1980’lerde yapılan Türk filmlerinde eve ve ev içine kayıtlardır. Bir günlüğü ele geçirdiğinizde belki bir yönelik bir merak vardı. İnsanın mekânla ilişkisini yaşamın bir kısmını belki de tamamını elde etmiş yansıtmaktan olabildiğince uzak, doğallıktan yoksun ev olursunuz. Açılan her sayfa size yeni ve gerçekçi bir görüntülerini içeren yığınla film çekildi o zaman. Eşyanın hayat sunar. Hayat kesitlerindeki sahicilik ve içtenlikten bir dekor olarak kaldığı, kameranın uzun uzun içinde dolayı yazarla empati kurmanız tamamen olağandır. Bu dolaştığı, duvarlarına manidar tabloların asıldığı, yönüyle günlük, romanı andırsa da onun kurgusal yukarıdan çekilmiş merdiven sahnelerinin yer aldığı atmosferinden uzak olduğu için kendine has tarza sahip evler... Bunun üç nedeni vardı: Her şeyden önce mekân, edebî türdür. Türk sineması için yeni keşfedilen dolayısıyla da görüntü değeri yüksek bir malzemeydi. İkincisi; bu görüntüler Bu parçaya göre günlüklerle ilgili aşağıdakilerden dönemin mahremiyetini görünür kılma, iç dünyaları hangisi söylenemez? gözetleme ihtiyacına cevap veriyordu. Üçüncüsü ise arasında yer alır. gerekli olan sembolizmi mekân görüntüleriyle sağlama çabalarıydı. Bu parçada aşağıdakilerin hangisine öne çıkar. değinilmemiştir? aktarır. dönüştüğüne kurmasını sağlar. cevap verdiğine özellikler taşır. tasarlandığına yapaylığına olan ilişkisine 10 Diğer sayfaya geçiniz. 2024-TYT/TÜR 35 -",Gizemli yönleriyle insanların dikkatini çeken metinler yönetmenlerin belli bir estetik duygusu oluşturmak için arasında yer alır. gerekli olan sembolizmi mekân görüntüleriyle sağlama çabalarıydı.,Hayatı samimi biçimde ve doğrudan yansıtmasıyla Bu parçada aşağıdakilerin hangisine öne çıkar. değinilmemiştir?,Yazarın özel hayatından kesitleri özgün bir üslupla A) Türk sinema tarihinde mekân anlayışının nasıl aktarır. dönüştüğüne,"İçerdiği bilgiler sayesinde okurun yazarla etkileşim B) Filmlerdeki mekân tasvirlerinin, döneminin anlayışına kurmasını sağlar. cevap verdiğine",Okura sunduğu bilgiler açısından roman türüyle benzer C)Bir dönem Türk sinemasında ev içi mekânların nasıl özellikler taşır. tasarlandığına D)Filmlerdeki iç mekân tasvirlerinin ve sahnelerinin yapaylığına E) Filmlerdeki iç mekân tasarımlarının estetik kaygı ile olan ilişkisine 10 Diğer sayfaya geçiniz. 2024-TYT/TÜR 35 -,,,TYT Matematik,Matematik,,,
"Kelebek şeklindeki mimarisiyle şehrin sembol ziyaret cevaplayınız. mekânlarından Konya Tropikal Kelebek Bahçesi, Avrupa’nın en büyük tropikal kelebek bahçesidir.",,,,,,,,TYT Matematik,Matematik,,,
Bu parçada blues ile ilgili aşağıdakilerin hangisine değinilmemiştir?,Tarih içerisinde gösterdiği gelişime,Ortaya çıkış zamanının belirsizliğine,Temsil ettiği duyguların çeşitliliğine,İcra edilmesinde kullanılan aletlere,İçinde bir kelebeğin yaşam serüveni gözlemlenebilir. A) Tarih içerisinde gösterdiği gelişime B) Ortaya çıkış zamanının belirsizliğine C)Temsil ettiği duyguların çeşitliliğine D)İcra edilmesinde kullanılan aletlere E) Bestelerinin ilham verdiği milletlere,,,TYT Matematik,Matematik,,,
soruları aşağıdaki parçaya göre,,,,,,,,TYT Matematik,Matematik,,,
Bu parçaya göre güneş gülü hakkında aşağıdakilerin hangisi söylenemez? müdahaleyle açığa çıkar. kabiliyeti kazandırır. olanak tanır. yapısını kalıcı olarak değiştirir. hareketsiz kalmasını sağlar. 12 Diğer sayfaya geçiniz. 2024-TYT/TÜR 39 -,Kimyasal etkileşime ve uyarana yönelik tepkileri dış müdahaleyle açığa çıkar.,Hücreleri arasındaki yapısal farklar ona hareket kabiliyeti kazandırır.,Duyarlı tüyleri hareketi algılayarak şekil değiştirmesine olanak tanır.,Yapraklarına uygulanan dışsal kuvvet kimyasal yapısını kalıcı olarak değiştirir.,Salgıladığı bir madde temas sonrasında avının hareketsiz kalmasını sağlar. 12 Diğer sayfaya geçiniz. 2024-TYT/TÜR 39 -,,,TYT Matematik,Matematik,,,
soruları aşağıdaki parçaya göre,,,,,,,,TYT Matematik,Matematik,,,
Bu parçada altı çizili sözle eleştirilen okur tipi aşağıdakilerden hangisidir?,Gerçek ile kurguyu ayıramayan,Hayatı kitaplarla sınırlandıran,Gösteriş için kitap okuyan,Kitapları okumayıp istifleyen,Kitaplarda kendinden iz arayan,,,TYT Matematik,Matematik,,,
"soruları aşağıdaki parçaya göre cevaplayınız. Gustave Flaubert, eserlerinde oluşturduğukarakterler aracılığıyla bir okurun nasıl olmaması gerektiğini eleştirel bir dilleokura anlatmanın peşindedir. Daha on altı yaşındayken yazdığı Bibliyo-manyak’ta okumayı zar zor sökmüş, sadece başlıklarına bakarak kitap toplayan takıntılı bir sahafı mizahi bir bakış açısıyla betimler. Madam Bovary’de kitapları yutar gibi okuyan, kadın karakterler ile kendisini özdeşleştiren Emma ve onun kitaplardan ezberlediği alıntıları dinlerken hiçbir tepki vermeyen eşini konu eder. Son kitabı Bilirbilmezler’de ise bir ayrım yapmadanher şeyi okuyup dünya bilgisini edineceklerine inanan iki basılı sayfa gezginini resmeder. Ona göre evlerinden dışarı çıkmayan bu iki tip, hiçbir zaman gerçek hayatın nasıl olduğunu bilemeyecektir. Ayrıca bir dostuna yazdığı mektupta Flaubert, okurun hayat çırağı olması gerektiğini söyler ve “Yaşamak için oku!” diyerek ona öğütte bulunur.",,,,,,,,TYT Matematik,Matematik,,,
