soru_metni,sik_a,sik_b,sik_c,sik_d,sik_e,dogru_cevap,zorluk,konular,aciklama,ders_ad
"Araştırmacılar doğada bulunmanın sağlığa olan 3. “Yazdıkların kime hitap ediyor?” sorusuna verilmiş net bir cevabım yok. Bir iyelik ekiyle “okurlarım” demeyi de faydalarına işaret ediyor (dikkat çekiyor). Açık doğrusu beni hiç okumamış olanlara bir saygısızlık I olarak değerlendiriyorum. Ancak yine de boşluğa alanlarda vakit geçirmenin ruh sağlığı üzerinde yazdığımı söyleyemiyorum. Bu parçanın yazarı, altı çizili sözle hangi özelliğine koruyucu (önleyici) bir etkisi olduğunu, bu durumun vurgu yapmaktadır? II aynı zamanda ruhsal direnci (dayanıklılığı)",I B) II C)III D)IV E) V,Eserleriyle her düzeyde okur kitlesine seslenmeyi ışığında (kılavuzluğunda) planlamalar yapılırken öncelediğine IV doğayla temasın sağlanacağı unsurların bu planlara C)Seçtiği temalarla mevcut ve potansiyel okurlarını ayrıştırdığına dâhil edilmesinin (içine katılmasının) önemi V D)Sahiplendiği okurların duyarlılığını eserleriyle ortaya çıkıyor. geliştirmeye çalıştığına Bu parçada numaralanmış sözlerden hangisinin E) Yazılarıyla bütün okurların beğenisini kazanmayı anlamı parantez ( ) içinde verilen açıklamayla amaçladığına uyuşmamaktadır?,,,,,,TYT Türkçe,,Türkçe
"Attila, 447 yılında Doğu Roma’nın barış şartlarına 3. Ferhat Paşa Antlaşması’ndan sonra Safevilerin, ham uymaması üzerine II. Balkan Seferi’ne çıkmış ve Doğu ipeği Anadolu üzerinden geçirmeden Avrupa’ya ihraç Roma ile Anatolios Antlaşması’nı imzalamıştır. Bu etmeleri, Osmanlı ekonomisine zarar vermiştir. Bunun antlaşmaya göre Doğu Roma, Hunlara savaş tazminatı üzerine Osmanlı Devleti karşı önlem olarak İran’ın ödeyecek ve önceden ödediği vergi üç katına ihtiyacı olan başta gümüş olmak üzere kıymetli çıkarılacak, Hun sınır şehri Niş’te pazar kurulacak ve madenlerin İran’a ihracatını engellemiştir. Ayrıca Doğu Roma’nın asker bulundurabileceği alanlar Safeviler, Osmanlıların dışta Habsburglarla kısıtlanacaktır. mücadelesini ve içte Celâli İsyanları ile uğraşmasını fırsat bilerek Şirvan, Azerbaycan ve Gürcistan’ı Buna göre Osmanlı’dan geri almıştır. Anadolu’da devlet otoritesini I. antlaşma sonrasında Roma’nın ikiye ayrıldığı, yeniden kuran Sadrazam Kuyucu Murat Paşa’nın, Safeviler üzerine yürümesiyle Şah Abbas; II. Hunların ekonomik açıdan kazanımlar elde ettiği, Osmanlılardan barış istemiş ve sonuçta iki devlet III.Doğu Roma üzerinde Hunların, üstünlüğünü arasında 1612 yılında Nasuh Paşa Antlaşması devam ettirdiği imzalanmıştır. ifadelerinden hangilerine ulaşılabilir? Buna göre aşağıdakilerden hangisi söylenemez?",,"Safevilerin, ticari olarak Osmanlıları zor duruma düşürmek istediği C)İçeride yaşanan sorunların da etkisiyle Osmanlıların toprak kaybı yaşadığı",,,,,,TYT Türkçe,,Türkçe
"3. Selma, sarı ve mavi renklerden oluşan özdeş rasyonel sayıları kullanılarak mandallarla tasarladığı bir oyuncağın 1. adımında yere aynı grupta bulunan sayıların toplamı 1'e eşit olacak bir mandal koyuyor. Sonraki her adımda bir önceki adımda koyduğu tüm mandalların mavi kısımlarına şekilde, ikişer elemanlı iki grup oluşturuluyor. şekildeki gibi birer mandal takıp bir sonraki adıma Buna göre bu sayılardan hangisi oluşturulan geçiyor. Selma, bu oyuncağın ilk 3 adımını 7 mandal gruplarda yer almaz? kullanarak aşağıdaki gibi tamamlıyor.",28 B) 26 C)24 D)22 E) 20 22 Diğer sayfaya geçiniz. 2024-TYT/TEM,,,,,,,TYT Türkçe,,Türkçe
"Kimi yazarlar romanın toplum hayatındaki aksaklıkların I ortadan kalkmasına yardım etmesini, ---- isterken kimileri olduğumuzu ve tanıdığımızı anlatmak isteriz. ise romanın bir toplum bilimi kitabı değil bir sanat eseri olduğunu, ondan ancak ---- beklenebileceğini ileri Gözü dönmek deyimi, aşırı istek veya öfke nedeniyle sürer. II Bu cümlede boş bırakılan yerlere sırasıyla kişinin saldıracak duruma gelmesini belirtir. aşağıdakilerden hangisi getirilmelidir? Göz kulak olmak, bir kimseyi veya nesneyi görüp",I B) II C)III D)IV E) V 1 Diğer sayfaya geçiniz. 2024-TYT/TÜR,gerçekleri yansıtmasını - kılavuzluk yapmasının IV veya durumu dikkatinden kaçırmak eylemini gösterir. C)güzellikleri anlatmasını - kusursuz dil kullanımının Göz açtırmamak ise birinin bir iş yapmasına fırsat D)ironiyi öne çıkarmasını - iyi bir anlatımın V vermemeyi ifade eder.,,,geleneği aktarmasını - mantıksal bir akışın Bu parçada numaralanmış deyimlerden hangisinin açıklaması yanlıştır?,,,TYT Türkçe,,Türkçe
satırında bulunan sayıların toplamına eşittir. Buna göre toplamı kaçtır?,99 B) 110 C)121 D)132 E) 143 26 Diğer sayfaya geçiniz. 2024-TYT/TEM,,,,,,,TYT Türkçe,,Türkçe
"İzmir’in işgalinin ertesi günü Denizli Müftüsü Ahmet 6. Doğal sistemleri oluşturan dört temel ortamdan biri olan Hulusi Efendi “Her ne pahasına olursa olsun Yunanlara atmosferin, yeryüzündeki canlı ve cansız unsurlar karşı koymak gerekir. (…) Ben fetva veriyorum. Silah ve üzerinde çeşitli etkileri bulunmaktadır. cephane azlığı veya yokluğu hiçbir zaman kavgaya mani Buna göre olmayacaktır. Hiçbir müdafaa vasıtası olmayan bir Müslüman dahi yerden üç taş alarak düşmana atmaya I. Canlı yaşamı için gerekli olan gaz bileşenlerini mecburdur.” diyerek halkı mücadeleye çağırmıştır. sağlar. Buna göre aşağıdakilerden hangisi söylenebilir? II. Güneş enerjisinin doğrudan yeryüzüne ulaşmasını sağlar.",Yunan ordusunun İzmir’den çekilmesi için İtilaf III.Gök taşlarının yeryüzüne ulaşmasını büyük Devletleri ile iş birliği yapıldığı oranda engeller.,Mondros Mütarekesi sonrasında başlayan işgallere ifadelerinden hangileri bu etkilere örnek karşı ilk direnişin Denizli’de başladığı gösterilemez? C)İmkânsızlıklara rağmen işgal güçlerine karşı mücadele A)Yalnız I B)Yalnız II C)Yalnız III edilmesi gerektiği D)I ve II E)II ve III D)Damat Ferit Hükûmetinin işgallere karşı din adamlarını halkı örgütlemekle görevlendirdiği,,,İtilaf Devletlerinin işgallerin geçici olduğu yönündeki açıklamalarının halkı sakinleştirdiği,,,TYT Türkçe,,Türkçe
"Peyam-ı Sabah gazetesi muhabirinin “Lozan Barış Konferansı’na İstanbul Hükûmetinden bir heyet gidecek mi?” şeklindeki sorusuna Refet Paşa, “Mudanya Mütarekesi yalnız TBMM Hükûmeti adına imza edildi. Binaenaleyh bu defa da konferansta Türk Devleti’ni yalnız bu devletin yegâne meşru hükûmeti olan TBMM Hükûmeti temsil edebilir.” cevabını vermiştir. Lozan Konferansı öncesinde TBMM’nin aldığı ve Refet Paşa’nın bu görüşüyle aynı doğrultuda olan karar aşağıdakilerden hangisidir?",I B) II C)III D)IV E) V 15 Diğer sayfaya geçiniz. 2024-TYT/SOS,Saltanat sistemine son verilmesi C)Kabine sistemine geçilmesi D)Milletvekili seçimlerine gidilmesi,,,Takrir-i Sükûn Kanunu’nun çıkarılması Dağılışı gösterilen bu bitkiler haritada numaralandırılan alanların hangisinde görülür?,,,TYT Türkçe,,Türkçe
"Günümüzde yeni bir pencere açmak, eskinin boşluğuna dokunmakla mümkündür. Aşağıdakilerden hangisi bu cümleyle anlamca aynı doğrultudadır?","Yeni fikirler, gelenekle kurulan sürekliliği kopararak var olur.","Özgün düşünceler, geçmişte önemsenmeyenler keşfedilerek ortaya çıkar. C)Eskinin bıraktığı değerler, taşımakla yükümlü olunan kalıcı bir mirastır. D)Çağdaş bakış açısı, zihindeki geleneksel kodları yıkıma uğratır.",,,"Kendine yeni bir alan açmak, mevcut düşünceleri özümsemekle gerçekleşir. 2 Diğer sayfaya geçiniz. 2024-TYT/TÜR",,,TYT Türkçe,,Türkçe
"Bir mağazada satılan bir bulaşık makinesi, bir çamaşır 9. türünden bazı değerleri verilen, eşit bölmelere makinesi ve bir buzdolabının maliyet fiyatları sırasıyla ayrılmış aşağıdaki termometrelerden hangisi 18 bin, 22 bin ve b TL'dir. Bu ürünler, üçlü beyaz eşya sıcaklığı göstermektedir? takımı olarak birlikte satılmaktadır. Bu takım; bir buzdolabının maliyet fiyatının iki katının 30 bin TL","B) C) fazlasına satıldığında mağaza kâr etmekte, bir buzdolabının maliyet fiyatının üç katından 20 bin TL eksiğine satıldığında ise mağaza zarar etmektedir. Buna göre bir buzdolabının maliyet fiyatının alabileceği tüm değerleri ifade eden eşitsizlik aşağıdakilerden hangisidir?",,,E) E) 24 Diğer sayfaya geçiniz. 2024-TYT/TEM,,,,TYT Türkçe,,Türkçe
"(I) Yaz mevsiminin ilk günlerini ormanlarla, dağlarla ve denizle karşılamak için çevirdim rotamı Sinop’a. (II) Şehir merkezine gider gitmez, methini önceden duyduğum 11. Aşağıdaki cümlelerin hangisinde büyük harflerin yerel pazara uğradım ve kahvaltılıklarımı alıp doğruca yazımıyla ilgili yanlışlık yapılmıştır? limandaki çay bahçesine yöneldim. (III) Balığa giden",I B) II C)III D)IV E) V E) Yurt dışından gelen resmî heyeti bakan geçtiğimiz hafta Ankara’da kabul etti. 3 Diğer sayfaya geçiniz. 2024-TYT/TÜR,,,,,,,TYT Türkçe,,Türkçe
K ve L maddelerinin tanecikleri arasındaki etkileşimlerle ilgili bilgiler aşağıda verilmiştir. Bu sistemde aynanın odak noktasında bulunan ışık  K’nin tanecikleri arasında sadece indüklenmiş kaynağından tek renkli mavi ışık yayılsaydı ışık dipol-indüklenmiş dipol etkileşimi vardır. aynadan yansıyıp mercekten geçtikten sonra asal  L’nin tanecikleri arasında dipol-dipol etkileşimi eksenin neresinde toplanacak şekilde kırılırdı? vardır.,CH F 4 2,H O 2 2,Ne H O 2,H O HF 2,F - T noktaları arasında,,,TYT Türkçe,,Türkçe
Sıvı hâldeki etanol ile ilgili doğru verilmiştir? I. Açık bir kapta her sıcaklıkta buharlaşır. X Y II. Aynı koşullarda farklı yüzey alanına sahip eşit,Erlenmayer Büret kütleli iki etanol örneğinin buharlaşma hızları aynıdır.,"Pipet Balon joje III.Etanolün denge buhar basıncı, içinde bulunduğu kabın hacmine bağlıdır.",Balon joje Büret ifadelerinden hangileri doğrudur?,Beherglas Pipet A)Yalnız I B)Yalnız II C)Yalnız III,Erlenmayer Huni D)I ve III E)II ve III 37 Diğer sayfaya geçiniz. 2024-TYT/FEN,,,TYT Türkçe,,Türkçe
"Adını atom bombasını geliştiren ekibin liderinden alan Oppenheimer filmi, dünyayı etkileyen bir buluşun nasıl ortaya çıktığını anlatırken bilimsel bilginin niteliğine ilişkin de düşündürür. Filmde Oppenheimer’ın ulusal bir kahraman olarak hızla yükselişi ve bir idari soruşturma ile gözden düşüşü arasında birçok olaya şahit oluruz. Nitekim onun felsefi sorgulamaları, romantik ve siyasi ilişkileri, dönemin diğer bilim insanları ile yaşadığı fikir uyuşmazlıkları ve rekabet; bilimsel gelişmelerin dış dünyadan yalıtılmış değil kişisel motivasyonların, ahlaki değerlerin ve siyasi beklentilerin şekillendirdiği tarihsel bir bağlam içinde gerçekleştiğini gösterir. Bu parçada aşağıdakilerden hangisi vurgulanmaktadır?",Bilimsel bulgular toplumdan topluma değişiklik gösterir.,"Bilimsel bilgi yenilenme ve güncellenmeye açıktır. C)Bilim insanlarının birtakım ahlaki yükümlülükleri vardır. D)Bilim, kişisel değer yargıları ve toplumsal koşullarla iç içedir.",,,Bilim tarihi için biyografik filmler vazgeçilmez bir kaynaktır. 17 Diğer sayfaya geçiniz. 2024-TYT/SOS,,,TYT Türkçe,,Türkçe
"Dik koordinat düzleminde f, g ve h fonksiyonlarının 14. A, B ve C birbirinden farklı rakamlar olmak üzere grafikleri şekilde verilmiştir. A rakamı B rakamının, B rakamı ise C rakamının birer tam sayı katıdır. ABC üç basamaklı doğal sayısı 3 ile tam bölünebildiğine göre bu sayının rakamları çarpımı kaçtır?",21 B) 22 C)23 D)24 E) 25,,D) Örneğin 552 ve 255 birer bitişik sayıdır. E) AB1 ve BC4 sayıları birer bitişik sayı olduğuna göre toplamı kaçtır?,,,,,TYT Türkçe,,Türkçe
"(I) Gaziantep’in tarihini anlayabilmek için gezilecek 18. Bir yazar olarak uzun uzadıya irdelenmesi gerektiğini pek çok turistik ve kültürel mekân vardır. (II) Zeugma düşündüğüm taşra yalnızlığı diye bir kavram var. Bazen Mozaik Müzesi, şehri tanıyabilmek için mutlaka ziyaret çok ızdırap verici olsa da insanın kendisiyle baş başa edilmesi gereken durakların başında gelir. (III) 2011 kalabilmesi için oldukça faydalı bir yalnızlık bu. Kültürel yılında açılan yapı; mimari, teknolojik ve kültürel açıdan nispeten cılız ancak oldukça sevimli olan bu açıdan sadece şehrin değil dünyanın önde gelen şehirde ben, taşra yalnızlığını kurmacayla avantaja müzelerindendir. (IV) Zeugma şehrinden kalan eserlerin dönüştürmeye çabalayanlardanım. Bu hâl, beni kalem ve sergilendiği müzedeki buluntularla iki bin yıllık geçmişe kitaplarla dostluğa sevk ediyor. Ayrıca bu sınırlı alanda tanıklık edilebilir. (V) MÖ 300’de Büyük İskender’in oluşturduğum sonsuz kültür evreniyle merkezde “Selevkia Euphtrates” adıyla kurduğu yerleşim yeri, kurduğum yaşantıya bir alternatif bulduğuma Kommagene Krallığı’nın dört büyük şehrinden biridir. inanıyorum. (VI) Yaklaşık iki yüz elli yıl sonra Roma İmparatorluğu’na Aşağıdakilerden hangisi bu parçadaki düşünceyi bağlanan şehir, “köprü, geçit” anlamlarına gelen ve destekler niteliktedir? bugün müzeye de adını veren Zeugma olarak anılmaya başlanmıştır.","II B) III C)IV D)V E) VI C)Edebî metinler, taşra ve merkezdeki kültürün yakınlık kurmasını sağlar. D)Mekânı ve kimi olumsuz duyguları aşabilmek edebiyatla mümkün olur.",,,,,,,TYT Türkçe,,Türkçe
"30 gün için bir yürüyüş planı yapan Merve, ilk gün belirli",30 B) 35 C)40 D)45 E) 50 27 Diğer sayfaya geçiniz. 2024-TYT/TEM,,,,,,,TYT Türkçe,,Türkçe
Aşağıdakilerden hangisi eşeysiz üreme ile gerçekleşmez?,Laktik asit bakterilerinin çoğalması C)M omnivor bir canlıdır.,"Kara yosunlarında sporla yeni bireylerin oluşması D)Bazı türler hem av hem de avcıdır. C)Deniz yıldızının kopan kolundan yeni bir birey oluşması E) P türü, alt trofik basamaklardaki tüm canlılarla beslenmektedir. D)Hidralarda tomurcuklanma ile yeni bir bireyin oluşması",,,Bal arılarında kraliçe arının oluşumu,,,TYT Türkçe,,Türkçe
"Yaklaşık yedi milyon nüfusa sahip Hong Kong’da 21. Sherlock Homeless ile Nasıl Tanıştım? kelime yılda iki binden fazla yaya, trafik kazası geçiriyor. oyunlarıyla dolu bir eser. Kitap daha en başta ismiyle Bu oran, akıllı telefonların kullanılmasına bağlı olarak bile okuru bir oyunun içine çekiyor. Kitaba ilk göz gün geçtikçe artıyor çünkü insanlar karşıdan karşıya attığımda dedektif Sherlock Holmes’u okuyacağımı geçerken telefonlarına bakmaya devam ediyor. düşündüm. Tabii kitabın ismini yanlış okuduğumu Bu duruma çare arayan yetkililer, çözümü yaya sayfaları karıştırdıktan sonra fark ettim. Oysaki ben, geçitlerindeki işaret sistemini değiştirmekte buldu. Holmes’u değil “evsiz” anlamına gelen “Homeless”ı Tasarlanan bu sistemde yaya geçiş ışıkları zemine okuyacaktım. Yazar, kitabındaki on bir öyküsünde yansıtılıyor. Böylece karşıdan karşıya geçmek isteyen bilindik ifadelere ufak dokunuşlar yaparak, bunları farklı yayalar, kendileri için yeşil mi yoksa kırmızı mı yandığını anlamlara dönüştürerek okurundan uyanık ve özenli bir anlıyor. Henüz deneme aşamasındaki sistemin başarılı ikinci bakış bekliyor. Bu kelime oyunlarında yazarın olması durumunda ülke genelinde yaygınlık kazanacağı “İs bırakanlar unutulmaz.” ve “Ezberimde gül oya.” bekleniyor. şeklindeki cümlelerde olduğu gibi bazen bir kelime bazen de sadece bir harf değiştirmesi yeterli oluyor. Bu parçada söz edilen sistemin geliştirilme amacı aşağıdakilerden hangisidir? Bu parçada söz edilen yazarla ilgili aşağıdakilerin hangisine değinilmemiştir?",Akıllı telefon teknolojisi aracılığıyla yayalara güvenli bir trafik ortamı sunmak A) Bir dilsel unsur olarak söz oyunlarının öykülerindeki kullanımına,"Yayaların, karşıdan karşıya geçerken akıllı telefonlarına bakmalarının önüne geçmek B) Öykü kitabına okurun ilgisini çekecek biçimde bir başlık koyduğuna C)Yayaların, akıllı telefonlarını kullanırken trafik kurallarını takip etmelerini sağlamak C)Kendine özgü anlatımını kitabındaki tek bir öyküyle sınırlamadığına D)Yayaların karıştığı kazaların nedenlerini bulmak için akıllı telefonlardan yararlanmak D)Okurunu sözcüklere hatta harflere dikkatle odaklanmaya davet ettiğine",,,Akıllı telefon kullanımının kazaya neden olduğuna dair yayaları bilinçlendirmek E) Öykülerinde yerel kültürü yansıtan sözel anlatı kalıpları kullandığına,,,TYT Türkçe,,Türkçe
"Hz. Muhammed, tebliğe başladığında kendisine daha dersini yasal olarak almak zorunda olmayan veya çok gençler iman etmiştir. Anne babası müşrik olan bu farklı müfredat ile alanlar cevaplayacaktır. gençlerin çoğuna aileleri karşı çıkmış ve onları Müslümanlıktan vazgeçirmeye çalışmışlardır. Anne babalarıyla ilişkilerini bozmak istemeyen bu gençler 21. Anlam bilimi yani semantik, adı üstünde, sözlerin anlamı aileleri ile dinleri arasında kalmışlardır. Hz. Muhammed ile uğraşır. Belli bir dildeki sözcüklerin ne anlama onlara anne babaya saygıyı elden bırakmamalarını geldiği, tarih boyunca geçirdikleri değişimler, anlam ancak her durumda Allah’ı öncelemeleri gerektiğini kaymaları ve anlam akrabalıkları bir anlam bilimcinin bildirmiştir. araştırma alanına girer. Filozof ise sözcüklerin anlamına yönelik yönelttiği soruyu bir anlam bilimci gibi sormaz. Bu parçada bahsedilen hususu en kapsamlı şekilde Bir sözcüğü bir tarih malzemesi olarak ele almaz. ifade eden ayet aşağıdakilerden hangisidir? Araştırmalarını bir dil çerçevesinde yürüttüğü","“Eğer (anne ve baban), hakkında hiçbir bilgi sahibi söylenebilir ancak asıl araştırdığı bu dilin kendisi olmadığın bir şeyi bana ortak koşman için seninle değildir. Filozofun kaygısı dilin dil olarak ele alınması uğraşırlarsa, onlara itaat etme. Fakat dünyada onlarla değil dil ile ifade edilen şeyin kendisidir. Bu bakımdan iyi geçin...” (Lokman, 31:15) felsefe, varlığa yönelmiş dilin işaret ettiği şeyler ve onlara erişim sorunuyla ilgilenir.","“Allah, sizi ancak, sizinle din konusunda savaşan, sizi Buna göre aşağıdakilerden hangisi bir felsefe yurtlarınızdan çıkaran ve çıkarılmanız için destek sorusunun konusu değildir? verenleri dost edinmekten men eder.” (Mümtehine, 60:9) A) Anlamları bakımından felsefi sorgulamanın nesnesi olan kavramlar C)“... Eğer onlardan biri, ya da her ikisi senin yanında ihtiyarlık çağına ulaşırsa, sakın onlara “öf!” bile deme; B) Varoluşlarına bağlı olarak dilde temsil edildikleri onları azarlama; onlara tatlı ve güzel söz söyle.” biçimleriyle şeyler (İsra, 17:23) C)Gerçekliği düşünebilme ve ona erişimde dilin önemi D)“De ki: Gelin, Rabbinizin size haram kıldığı şeyleri okuyayım: O’na hiçbir şeyi ortak koşmayın. Anaya D)Dilde ifadesini bulan ancak onu aşan gerçeklikler babaya iyi davranın...” (Enam, 6:151)",,,"“Onlara (anne ve babana) merhamet ederek tevazu duygulanımları kanadını indir ve de ki: “Rabbim! Tıpkı beni küçükken koruyup yetiştirdikleri gibi sen de onlara acı.” (İsra, 17:24)",,,TYT Türkçe,,Türkçe
"Vücut kitle indeksi (VKİ), bir kişinin vücudundaki tahmini 23. Bir kentte bulunan fabrikaların her biri gıda, mobilya, yağ oranını gösteren bir hesaplama yöntemidir. Bu plastik ve tekstil alanlarından yalnızca birinde üretim yöntemde öncelikle kişinin kilogram türünden ağırlığı ve yapmaktadır. Bu fabrikaların üretim alanlarına göre metre türünden boy uzunluğu ölçülür. Daha sonra sayıca dağılımı Şekil 1’deki daire grafiğinde kişinin ağırlığının boyunun karesine bölünmesiyle gösterilmiştir. o kişiye ait VKİ hesaplanır. Aşağıdaki tabloda, belirli yaş aralıklarına göre ideal VKİ aralıkları verilmiştir. 30 yaşındaki İlayda’nın yaşına uygun en küçük ideal VKİ Bu fabrikaların toplam 54 tanesi ihracat yapmaktadır. değerindeki ağırlığı ile en büyük ideal VKİ değerindeki Her bir üretim alanı için o alanda üretim yapan ağırlığı arasındaki fark 12,8 kilogram olarak fabrikalardan ihracat yapanların sayısının, o alanda hesaplanmıştır. üretim yapan toplam fabrika sayısına oranı yüzde olarak Şekil 2’deki sütun grafiğinde gösterilmiştir. Buna göre İlayda’nın boyu kaç metredir?",96 B) 120 C)144 D)154 E) 180 29 Diğer sayfaya geçiniz. 2024-TYT/TEM,,,,,,,TYT Türkçe,,Türkçe
"Biz fark etsek de etmesek de yapay zekâ artık 25. Yazarın en büyük başarılarından biri eserlerinde hayatımızın bir parçası. Bu teknoloji sayesinde kendi üçüncüşahıs anlatımı kullanmasıdır. Burada anlatıcı; kendine park eden otomobillere, akıllı sensörlerin karakterlerinbütün zihinsel durumlarını, yaşadıklarını, yardımıyla çekilen muhteşem fotoğraflara kavuştuk. yönelimlerini bilmekte ve okura anlatmaktadır. Böylelikle Benzer şekilde eğitimde de yapay zekânın etkisi gün anlatıcı, duygu ve düşüncelerini karakterlerin de okurun geçtikçe daha çok hissediliyor ve geleneksel yöntemler da yüzüne açıkça dile getirebilmektedir. Geçmiş, şimdi büyük ölçüde farklılaşıyor. Eğitimciler, psikologlar ve ve geleceğin iç içe olduğu üçüncü şahıs anlatım, birinci ebeveynler arasında çocuklarımız için doğru ekran tekil şahsın imkânlarını da kullanarak her yönüyle hâkim süresi hakkında tartışmalar sürerken eğitimin şeklini ve bir bakış sunar. Böylece okur, karakterlerin hayatlarına geleceğini değiştiren yapay zekâ; dünyanın önde gelen ve akıllarından geçirdiklerine tanıklık edebilmektedir. ülkelerinde oyunun kurallarını belirlemeye başladı bile. Bu parçada söz edilen anlatıcıylailgili aşağıdakilerin Konuyla ilgili raporlara baktığımızda yapay zekânın hangisi söylenebilir? eğitimdeki yerinin yakın gelecekte çok büyük oranlara ulaşacağı görülüyor.",Bazı sektörlerde insana bağımlılığı azaltacağına okura aktarır.,Eğitim alanında daha fazla gelişim gösterdiğine C)İç çatışmalara yer vererek karakterleri tüm boyutlarıyla ele alır. C)Çocukların gelişimi üzerinde olumsuz etkilerinin olduğuna D)Kişilerin bilinmeyen yönlerini ortaya çıkararak eseri başarıya ulaştırır. D)Eğitimde kullanımının öğrenci başarısına katkı sağladığına E) Karakterleri arka planda tutarak okurun olaya odaklanmasını hedefler.,,,Eğitimde alışılagelmiş anlayışlarda değişikliğe yol açtığına,,,TYT Türkçe,,Türkçe
"Doğa filozofları; görünüş ve gerçeklik arasında bir ayrım 25. Dilthey; tarihi yeni bir bakış açısıyla yorumlayarak yaparak görünüşün arkasındaki gerçekliğe, çokluğun insanın, sürekli değişen ve dinamik bir tarih olduğunu ardındaki birliğe ulaşmaya çalıştı. Onlar, tüm varlıkların öne sürer. Ona göre insanla ilgili her şey bir zaman arkasındaki bu birliğe “arkhe” adını vererek onun ne parçası içinde gerçekleşir ve bu değişken doğasıyla olduğunu sorguladı. Thales suyu, Anaximenes havayı, insan, kendi göreceliği ve tarihselliği içinde, yön Empedokles ise toprak, su, hava ve ateşten oluşan dört değiştiren bir rüzgârgülüne benzer. Nitekim insan, ana maddeyi evrenin arkhesi olarak belirledi. Platon ise yaşarken içinde bulunduğu zamanı kendisi kurar ve düşüncesinin merkezine doğaya ait unsurlar yerine anılar yoluyla şimdiki zamanını belirleyen geçmişi de “idealar” adı verilen ve asıl varlıklar olarak gördüğü hep yanında taşır. kavramsal nesneleri yerleştirerek felsefe tarihinde yeni Dilthey’ın bu parçadaki görüşlerinden aşağıdakilerin bir dönemi başlattı. hangisine ulaşılamaz? Buna göre Platon’u doğa filozoflarından ayıran",Birliğin değil çokluğun felsefesini yapması,"Evrenin göründüğü gibi olduğuna inanması oluşturur. C)Dünyayı duyu dünyasına ait olmayan unsurlarla C)Geçmiş, insanın şimdiki zamanının şekillenmesinde açıklaması etkilidir. D)Doğanın insan zihninin bir ürünü olduğunu düşünmesi D)Tarih, insanın hem var ettiği hem de ondan etkilendiği bir süreçtir.",,,"İnsan, zaman içinde olan bir varlık olduğu için tarihseldir.",,,TYT Türkçe,,Türkçe
"Bir tenis turnuvasına katılan 20 tenisçiden her biri turnuvaya katılan diğer tenisçilerle birer kez karşılaşmıştır. Toplam 19 hakemin görevlendirildiği bu turnuvada, her bir karşılaşma için 3 hakem görevlendirilmiştir. Bu turnuvada tüm hakemler eşit sayıda karşılaşmada görev aldığına göre bir hakemin görev aldığı karşılaşma sayısı kaçtır?",25 B) 27 C)30 D)32 E) 35 30 Diğer sayfaya geçiniz. 2024-TYT/TEM,,,,,,,TYT Türkçe,,Türkçe
"İzmir dokuma imalatı; XVI ve XVII. yüzyıllarda pamuk 27. Özgünlük genellikle insanın kendisi olmasını içeren bir ipliği, pamuklu dokuma, çarşaf, gömlek ve keten bezi durum olarak görülür. Peki, özgünlük değişimi engelliyor üretimiyle ön plana çıkmıştır. XIX. yüzyıla kadar bu ve herkesi yerinde saymaya teşvik ediyorsa... İşte bunu ürünlerin geleneksel tarzda üretimi yapılmıştır. Zamanla sorgulamamız gerekir. İnsan, bazen amaçlarına ulaşmak şehrin kalabalıklaşması ve ticaret hacminin artması, seri için bir süreliğine maske takmak zorunda kalabilir. üretimin yapıldığı fabrikalaşmaya doğru ilk adımların Benzer şekilde özgünlük de insanları olduğu gibi atılmasını da beraberinde getirmiştir. Pamuk fabrikasının kalmaya ve başka perspektiflerden fikirleri görmezden açılması, boyahane ve basmahanelerin kurulması bu gelmeye itebilir. Bu bakımdan insanın benliğine olduğu adımlardandır. Ayrıca XIX. yüzyıla ait haritalarda hâliyle sadık kalmasının, dönüşebileceği her şeyden Boyahane Deresi’nin etrafında kümelenmiş yapıların kendini soyutlamasıyla eş değer olduğu söylenebilir. yer alması, şehirdeki tekstil ürünü boyamacılığının dere Bu parçadan aşağıdakilerin hangisine ulaşılabilir? etrafında yaygın olduğunu gösteren önemli bir kanıttır. Boyahanelerde bitkisel boyalar üretilmiş; “alizarin” veya",Geleneksel üretim metotları şehirdeki ticaret hacmini C)Doğru olduğuna inandığı şeyi kendi isteğiyle yapan sınırlandırmıştır. birey başarılı olabilir.,"Şehir nüfusunun artmasıyla birlikte fabrikasyon üretime D)İnsanın istekleri doğrultusunda kişiliğinden ödün geçiş sağlanmıştır. vermesi onu tutarsızlaştırır. C)Dokuma kumaşlarının üretimi şehrin belli bir E) İnsanın özgün olma uğruna yaptıkları, onu değişime bölgesinde yoğunlaşmıştır. kapalı bir hâle getirebilir. D)Farklı kumaş türlerinin üretimi sırasında birden fazla teknik kullanılmıştır.",,,Oluşturduğu modelle farklı sektörlerin gelişmesine ilham kaynağı olmuştur. 8 Diğer sayfaya geçiniz. 2024-TYT/TÜR,,,TYT Türkçe,,Türkçe
"Duru, sınıfındaki öğrencilerden oluşturulabilecek tüm üç kişilik grupların 45 tanesinde kendisinin yer aldığını gözlemlemiştir. Buna göre Duru’nun sınıfındaki öğrencilerden oluşturulabilecek tüm üç kişilik grupların kaç tanesinde Duru bulunmamaktadır?",20 B) 35 C)90 D)105 E) 120 31 Diğer sayfaya geçiniz. 2024-TYT/TEM,,,,,,,TYT Türkçe,,Türkçe
"Dondurma, XIX. yüzyıldan bu yana keyifle tükettiğimiz",,,,,"Sözcüklere yüklenen bazı kişisel anlamların, muhallebicilerde ve pastanelerde satılmaya başlar. sözlüklerde bulunması mümkün değildir. Sonraları ise sanayileşmenin etkisiyle dondurma yapımında elektrikli aletler kullanılır. Böylelikle dondurma, türlü değişimlere ayak uydurarak Türk mutfağındaki değerini korur. Bu parçada dondurmayla ilgili aşağıdakilerin",,,TYT Türkçe,,Türkçe
"Günlükler, bir yaşama dair en mahrem ve saygın 33. 1980’lerde yapılan Türk filmlerinde eve ve ev içine kayıtlardır. Bir günlüğü ele geçirdiğinizde belki bir yönelik bir merak vardı. İnsanın mekânla ilişkisini yaşamın bir kısmını belki de tamamını elde etmiş yansıtmaktan olabildiğince uzak, doğallıktan yoksun ev olursunuz. Açılan her sayfa size yeni ve gerçekçi bir görüntülerini içeren yığınla film çekildi o zaman. Eşyanın hayat sunar. Hayat kesitlerindeki sahicilik ve içtenlikten bir dekor olarak kaldığı, kameranın uzun uzun içinde dolayı yazarla empati kurmanız tamamen olağandır. Bu dolaştığı, duvarlarına manidar tabloların asıldığı, yönüyle günlük, romanı andırsa da onun kurgusal yukarıdan çekilmiş merdiven sahnelerinin yer aldığı atmosferinden uzak olduğu için kendine has tarza sahip evler... Bunun üç nedeni vardı: Her şeyden önce mekân, edebî türdür. Türk sineması için yeni keşfedilen dolayısıyla da görüntü değeri yüksek bir malzemeydi. İkincisi; bu görüntüler Bu parçaya göre günlüklerle ilgili aşağıdakilerden dönemin mahremiyetini görünür kılma, iç dünyaları hangisi söylenemez? gözetleme ihtiyacına cevap veriyordu. Üçüncüsü ise",Gizemli yönleriyle insanların dikkatini çeken metinler yönetmenlerin belli bir estetik duygusu oluşturmak için arasında yer alır. gerekli olan sembolizmi mekân görüntüleriyle sağlama çabalarıydı.,"Hayatı samimi biçimde ve doğrudan yansıtmasıyla Bu parçada aşağıdakilerin hangisine öne çıkar. değinilmemiştir? C)Yazarın özel hayatından kesitleri özgün bir üslupla A) Türk sinema tarihinde mekân anlayışının nasıl aktarır. dönüştüğüne D)İçerdiği bilgiler sayesinde okurun yazarla etkileşim B) Filmlerdeki mekân tasvirlerinin, döneminin anlayışına kurmasını sağlar. cevap verdiğine",,,Filmlerdeki iç mekân tasarımlarının estetik kaygı ile olan ilişkisine 10 Diğer sayfaya geçiniz. 2024-TYT/TÜR 35 - 36. soruları aşağıdaki parçaya göre,,,TYT Türkçe,,Türkçe
Bu parçada blues ile ilgili aşağıdakilerin hangisine değinilmemiştir?,Tarih içerisinde gösterdiği gelişime,Ortaya çıkış zamanının belirsizliğine C)Temsil ettiği duyguların çeşitliliğine D)İcra edilmesinde kullanılan aletlere,,,Bestelerinin ilham verdiği milletlere,,,TYT Türkçe,,Türkçe
"39. Dikdörtgenler prizması biçimindeki 12 özdeş blok şekildeki gibi birleştirilerek bir küp elde ediliyor. Bir sanatçı, yamuk biçiminde olan özdeş dört adet camı aralarında boşluk kalmayacak biçimde şekildeki gibi birleştirerek çevresi 40 birim olan dikdörtgen biçiminde Buna göre elde edilen küpün yüzey alanının, özdeş bir vitray elde etmiştir. bloklardan birinin yüzey alanına oranı kaçtır? Buna göre yamuk biçimindeki bu camlardan birinin",24 B) 22 C)20 D)18 E) 16,,,,,,,TYT Türkçe,,Türkçe
Bu parçaya göre mühendislik uygulamasıyla ilgili cevaplayınız. aşağıdakilerden hangisi söylenebilir?,"Doğayı taklit ettiği tasarımlarıyla kabul görür. Araştırmacılar, bitkilerden esinlenerek çeşitli ürünler ortaya koyuyor. Bu esin kaynaklarından biri de etçil B) Teknolojik gelişmeleri çevresel koşullara uyarlamaya bir bitki olan “güneş gülü”dür. Bu bitkinin yaprakları, çalışır. uçlarında yapışkan bir madde olan tüylerle kaplıdır. Yaprakların üzerine konan böcekler, buradaki maddeye C)Doğa bilimlerinin temel yaklaşımlarını benimser. saplanıp kalır. Ardından bitki, yaprakları ile avının etrafını sarar. Bunun sırrı yaprakların yapısında gizlidir. D)Bireyde çevreyi koruma bilincigeliştirmeyi amaçlar. Üst kısmındaki hücreler yuvarlak, alt kısmındakiler ise ince ve uzun bir şekle sahiptir. Yapraklara dokunan E) Doğadan hareketle işleyişi öngörülebilir ürünler canlıların tetiklediği biyokimyasal sinyaller, hücrelerin tasarlar. iç basıncının değişmesine neden olur. Tıpkı şişirilen bir balonun hangi şekli alacağının yapısına bağlı olması gibi yapraklar da basınca göre şekil değiştirir. Alt kısmındaki hücreler, üsttekilere göre daha fazla şişer ve bu sayede avı sıkıca kavrar. Bitkinin bu hareketi, bilim insanlarının nesneleri kavrayabilen robot parmakları tasarlamalarına ilham kaynağı olmuştur. Doğadan esinlenilen bu mühendislik uygulamasında tasarımın nasıl çalışacağını önceden bilmek mümkün olduğundan ürün prototipinin test edilme süresi de büyük ölçüde kısalmakta ve teknolojik gelişme hız kazanmaktadır.",,,,,,,TYT Türkçe,,Türkçe
"n kenarlı bir düzgün çokgenin bir dış açısının ölçüsü olarak hesaplanır. formülüyle hesaplanır. Birer kenarları ortak olan şekildeki üç düzgün Pelin, bir kenar uzunluğu 4 santimetre olan kare çokgenden en içteki 6, ortadaki ise 10 kenarlıdır. biçimindeki özdeş etiketlerle dikdörtgenler prizması şeklindeki bir cismin ayrıt uzunluklarını hesaplayacaktır. Pelin, dikdörtgenler prizması şeklindeki cismin bir yüzeyine 2 tane, diğer bir yüzeyine ise 3 tane etiketi yapıştırıldıkları yüzeyi tamamen kaplayacak biçimde yerleştirmiştir. Bu yerleştirme işlemini etiketler arasında boşluk kalmayacak, etiketler üst üste gelmeyecek ve yüzeyin dışına taşmayacak biçimde yapmıştır. Buna göre dikdörtgenler prizması şeklindeki cismin Şekilde gösterilen iki açı eşit olduğuna göre hacmi kaç santimetreküptür? en dıştaki düzgün çokgen kaç kenarlıdır?",12 B) 18 C)20 D)24 E) 30 TEMEL MATEMATİK TESTİ BİTTİ. 34 FEN BİLİMLERİ TESTİNE GEÇİNİZ. 2024-TYT/FEN FEN BİLİMLERİ TESTİ,,,,,,,TYT Türkçe,,Türkçe
Bu parçada altı çizili sözle eleştirilen okur tipi aşağıdakilerden hangisidir?,Gerçek ile kurguyu ayıramayan,Hayatı kitaplarla sınırlandıran C)Gösteriş için kitap okuyan D)Kitapları okumayıp istifleyen,,,Kitaplarda kendinden iz arayan,,,TYT Türkçe,,Türkçe
